region,code,financial_year,year,date,beef_cattle
Australia,AUS,2004-05,2005,2005-06-30,27238807
New South Wales,NSW,2004-05,2005,2005-06-30,5985886
Victoria,VIC,2004-05,2005,2005-06-30,2675279
Queensland,QLD,2004-05,2005,2005-06-30,12557634
South Australia,SA,2004-05,2005,2005-06-30,1300585
Western Australia,WA,2004-05,2005,2005-06-30,2183918
Tasmania,TAS,2004-05,2005,2005-06-30,539978
Northern Territory,NT,2004-05,2005,2005-06-30,1995527
Australia,AUS,2005-06,2006,2006-06-30,28114807
New South Wales,NSW,2005-06,2006,2006-06-30,6510886
Victoria,VIC,2005-06,2006,2006-06-30,2781279
Queensland,QLD,2005-06,2006,2006-06-30,12530634
South Australia,SA,2005-06,2006,2006-06-30,1238585
Western Australia,WA,2005-06,2006,2006-06-30,2447918
Tasmania,TAS,2005-06,2006,2006-06-30,541978
Northern Territory,NT,2005-06,2006,2006-06-30,2063527
Australia,AUS,2006-07,2007,2007-06-30,27883807
New South Wales,NSW,2006-07,2007,2007-06-30,6258886
Victoria,VIC,2006-07,2007,2007-06-30,2711279
Queensland,QLD,2006-07,2007,2007-06-30,12672634
South Australia,SA,2006-07,2007,2007-06-30,1144585
Western Australia,WA,2006-07,2007,2007-06-30,2395918
Tasmania,TAS,2006-07,2007,2007-06-30,522978
Northern Territory,NT,2006-07,2007,2007-06-30,2177527
Australia,AUS,2007-08,2008,2008-06-30,27298883
New South Wales,NSW,2007-08,2008,2008-06-30,5980300
Victoria,VIC,2007-08,2008,2008-06-30,2389614
Queensland,QLD,2007-08,2008,2008-06-30,12908235
South Australia,SA,2007-08,2008,2008-06-30,1043429
Western Australia,WA,2007-08,2008,2008-06-30,2185402
Tasmania,TAS,2007-08,2008,2008-06-30,485543
Northern Territory,NT,2007-08,2008,2008-06-30,2306360
Australia,AUS,2008-09,2009,2009-06-30,27807807
New South Wales,NSW,2008-09,2009,2009-06-30,6182886
Victoria,VIC,2008-09,2009,2009-06-30,2370279
Queensland,QLD,2008-09,2009,2009-06-30,13328634
South Australia,SA,2008-09,2009,2009-06-30,1119585
Western Australia,WA,2008-09,2009,2009-06-30,2392918
Tasmania,TAS,2008-09,2009,2009-06-30,467978
Northern Territory,NT,2008-09,2009,2009-06-30,1945527
Australia,AUS,2009-10,2010,2010-06-30,26522869
New South Wales,NSW,2009-10,2010,2010-06-30,5756948
Victoria,VIC,2009-10,2010,2010-06-30,2215279
Queensland,QLD,2009-10,2010,2010-06-30,12370634
South Australia,SA,2009-10,2010,2010-06-30,981585
Western Australia,WA,2009-10,2010,2010-06-30,2378918
Tasmania,TAS,2009-10,2010,2010-06-30,487978
Northern Territory,NT,2009-10,2010,2010-06-30,2331527
Australia,AUS,2010-11,2011,2011-06-30,28448176
New South Wales,NSW,2010-11,2011,2011-06-30,6033817
Victoria,VIC,2010-11,2011,2011-06-30,2501130
Queensland,QLD,2010-11,2011,2011-06-30,13627258
South Australia,SA,2010-11,2011,2011-06-30,1187224
Western Australia,WA,2010-11,2011,2011-06-30,2127301
Tasmania,TAS,2010-11,2011,2011-06-30,508561
Northern Territory,NT,2010-11,2011,2011-06-30,2462885
Australia,AUS,2011-12,2012,2012-06-30,28198028
New South Wales,NSW,2011-12,2012,2012-06-30,6146937
Victoria,VIC,2011-12,2012,2012-06-30,2497361
Queensland,QLD,2011-12,2012,2012-06-30,13167161
South Australia,SA,2011-12,2012,2012-06-30,1282080
Western Australia,WA,2011-12,2012,2012-06-30,2129552
Tasmania,TAS,2011-12,2012,2012-06-30,514195
Northern Territory,NT,2011-12,2012,2012-06-30,2460742
Australia,AUS,2012-13,2013,2013-06-30,28968152
New South Wales,NSW,2012-13,2013,2013-06-30,6242923
Victoria,VIC,2012-13,2013,2013-06-30,2562459
Queensland,QLD,2012-13,2013,2013-06-30,13805963
South Australia,SA,2012-13,2013,2013-06-30,1271034
Western Australia,WA,2012-13,2013,2013-06-30,2056160
Tasmania,TAS,2012-13,2013,2013-06-30,564222
Northern Territory,NT,2012-13,2013,2013-06-30,2465391
Australia,AUS,2013-14,2014,2014-06-30,28810555
New South Wales,NSW,2013-14,2014,2014-06-30,5975098
Victoria,VIC,2013-14,2014,2014-06-30,2563448
Queensland,QLD,2013-14,2014,2014-06-30,13932602
South Australia,SA,2013-14,2014,2014-06-30,1187430
Western Australia,WA,2013-14,2014,2014-06-30,2145676
Tasmania,TAS,2013-14,2014,2014-06-30,576442
Northern Territory,NT,2013-14,2014,2014-06-30,2429859
Australia,AUS,2014-15,2015,2015-06-30,27116714
New South Wales,NSW,2014-15,2015,2015-06-30,5928663
Victoria,VIC,2014-15,2015,2015-06-30,2435885
Queensland,QLD,2014-15,2015,2015-06-30,12356123
South Australia,SA,2014-15,2015,2015-06-30,1092452
Western Australia,WA,2014-15,2015,2015-06-30,2415137
Tasmania,TAS,2014-15,2015,2015-06-30,508359
Northern Territory,NT,2014-15,2015,2015-06-30,2380095
Australia,AUS,2015-16,2016,2016-06-30,26579765
New South Wales,NSW,2015-16,2016,2016-06-30,5879525
Victoria,VIC,2015-16,2016,2016-06-30,2284295
Queensland,QLD,2015-16,2016,2016-06-30,12258775
South Australia,SA,2015-16,2016,2016-06-30,1049223
Western Australia,WA,2015-16,2016,2016-06-30,2135660
Tasmania,TAS,2015-16,2016,2016-06-30,458563
Northern Territory,NT,2015-16,2016,2016-06-30,2513725
Australia,AUS,2016-17,2017,2017-06-30,27964762
New South Wales,NSW,2016-17,2017,2017-06-30,6233068
Victoria,VIC,2016-17,2017,2017-06-30,2476634
Queensland,QLD,2016-17,2017,2017-06-30,12902649
South Australia,SA,2016-17,2017,2017-06-30,1094383
Western Australia,WA,2016-17,2017,2017-06-30,2253216
Tasmania,TAS,2016-17,2017,2017-06-30,541025
Northern Territory,NT,2016-17,2017,2017-06-30,2463787
Australia,AUS,2017-18,2018,2018-06-30,28159688
New South Wales,NSW,2017-18,2018,2018-06-30,5600908
Victoria,VIC,2017-18,2018,2018-06-30,2575792
Queensland,QLD,2017-18,2018,2018-06-30,13878335
South Australia,SA,2017-18,2018,2018-06-30,1045470
Western Australia,WA,2017-18,2018,2018-06-30,2155634
Tasmania,TAS,2017-18,2018,2018-06-30,509304
Northern Territory,NT,2017-18,2018,2018-06-30,2394245
Australia,AUS,2018-19,2019,2019-06-30,26651117
New South Wales,NSW,2018-19,2019,2019-06-30,4876655
Victoria,VIC,2018-19,2019,2019-06-30,2625289
Queensland,QLD,2018-19,2019,2019-06-30,13076299
South Australia,SA,2018-19,2019,2019-06-30,1014182
Western Australia,WA,2018-19,2019,2019-06-30,2129548
Tasmania,TAS,2018-19,2019,2019-06-30,507134
Northern Territory,NT,2018-19,2019,2019-06-30,2422008
Australia,AUS,2019-20,2020,2020-06-30,25339645
New South Wales,NSW,2019-20,2020,2020-06-30,4680338
Victoria,VIC,2019-20,2020,2020-06-30,2554323
Queensland,QLD,2019-20,2020,2020-06-30,12250098
South Australia,SA,2019-20,2020,2020-06-30,1043079
Western Australia,WA,2019-20,2020,2020-06-30,2179267
Tasmania,TAS,2019-20,2020,2020-06-30,560057
Northern Territory,NT,2019-20,2020,2020-06-30,2072481
Australia,AUS,2020-21,2021,2021-06-30,26340887
New South Wales,NSW,2020-21,2021,2021-06-30,5289387
Victoria,VIC,2020-21,2021,2021-06-30,2652678
Queensland,QLD,2020-21,2021,2021-06-30,12489834
South Australia,SA,2020-21,2021,2021-06-30,1073491
Western Australia,WA,2020-21,2021,2021-06-30,2279933
Tasmania,TAS,2020-21,2021,2021-06-30,550410
Northern Territory,NT,2020-21,2021,2021-06-30,2005153
Australia,AUS,2021-22,2022,2022-06-30,26587059
New South Wales,NSW,2021-22,2022,2022-06-30,5531347
Victoria,VIC,2021-22,2022,2022-06-30,2717340
Queensland,QLD,2021-22,2022,2022-06-30,12689803
South Australia,SA,2021-22,2022,2022-06-30,1096539
Western Australia,WA,2021-22,2022,2022-06-30,2168899
Tasmania,TAS,2021-22,2022,2022-06-30,523044
Northern Territory,NT,2021-22,2022,2022-06-30,1860084
Australia,AUS,2022-23,2023,2023-06-30,27818009
New South Wales,NSW,2022-23,2023,2023-06-30,5866407
Victoria,VIC,2022-23,2023,2023-06-30,2896378
Queensland,QLD,2022-23,2023,2023-06-30,13159579
South Australia,SA,2022-23,2023,2023-06-30,1118149
Western Australia,WA,2022-23,2023,2023-06-30,2294247
Tasmania,TAS,2022-23,2023,2023-06-30,558409
Northern Territory,NT,2022-23,2023,2023-06-30,1924840
Australia,AUS,2023-24,2024,2024-06-30,28321300
New South Wales,NSW,2023-24,2024,2024-06-30,5948193
Victoria,VIC,2023-24,2024,2024-06-30,2874448
Queensland,QLD,2023-24,2024,2024-06-30,13441655
South Australia,SA,2023-24,2024,2024-06-30,1169944
Western Australia,WA,2023-24,2024,2024-06-30,2293098
Tasmania,TAS,2023-24,2024,2024-06-30,574802
Northern Territory,NT,2023-24,2024,2024-06-30,2019160
Australia,AUS,2024-25,2025,2025-06-30,27595693
New South Wales,NSW,2024-25,2025,2025-06-30,5528200
Victoria,VIC,2024-25,2025,2025-06-30,2609713
Queensland,QLD,2024-25,2025,2025-06-30,13530249
South Australia,SA,2024-25,2025,2025-06-30,1082553
Western Australia,WA,2024-25,2025,2025-06-30,2197515
Tasmania,TAS,2024-25,2025,2025-06-30,546960
Northern Territory,NT,2024-25,2025,2025-06-30,2100503
