country,tonnes,share,rank,lon,lat
United States,453304,0.2933,1,-77.04,38.91
China,272939,0.1766,2,116.4,39.9
Japan,257378,0.1665,3,139.69,35.69
South Korea,221350,0.1432,4,126.98,37.57
Indonesia,66582,0.0431,5,106.85,-6.21
Canada,52796,0.0342,6,-75.7,45.42
Taiwan,32895,0.0213,7,121.56,25.03
Thailand,28656,0.0185,8,100.5,13.76
Philippines,28540,0.0185,9,120.98,14.6
United Kingdom,16865,0.0109,10,-0.13,51.51
United Arab Emirates,16783,0.0109,11,54.37,24.45
Saudi Arabia,15643,0.0101,12,46.68,24.71
Malaysia,10876,0.007,13,101.69,3.14
New Zealand,7841,0.0051,14,174.78,-41.29
Hong Kong,6772,0.0044,15,114.17,22.32
Singapore,6361,0.0041,16,103.82,1.35
Netherlands,6243,0.004,17,4.9,52.37
