country,m49,year,tonnes,rank,lon,lat
United States,840,2005,11180612.0,1,-99.06,39.5
Brazil,76,2005,6345810.0,2,-51.56,-9.93
China,156,2005,5112900.0,3,106.12,32.65
Argentina,32,2005,3130800.0,4,-64.43,-33.89
Australia,36,2005,2090272.0,5,134.44,-24.5
Russia,643,2005,1809200.0,6,99.17,63.3
Mexico,484,2005,1557707.0,7,-102.49,23.97
France,250,2005,1546741.0,8,2.34,46.61
Canada,124,2005,1469980.0,9,-103.76,58.21
Germany,276,2005,1166900.0,10,9.97,51.25
Italy,380,2005,1101972.0,11,11.02,44.93
Colombia,170,2005,792168.0,12,-73.15,3.73
United Kingdom,826,2005,762000.0,13,-1.5,52.95
South Africa,710,2005,746000.0,14,23.67,-29.37
Spain,724,2005,715329.0,15,-3.62,40.35
New Zealand,554,2005,663435.0,16,169.87,-44.8
Uruguay,858,2005,590000.0,17,-56.0,-32.78
Ukraine,804,2005,561800.0,18,31.6,49.13
Zimbabwe,716,2005,550000.0,19,29.79,-18.91
Ireland,372,2005,546000.0,20,-8.02,53.15
Uzbekistan,860,2005,518100.0,21,63.64,41.78
Pakistan,586,2005,515000.0,22,69.07,29.48
Japan,392,2005,499470.0,23,138.43,35.95
Turkey,792,2005,491559.92,24,35.45,39.16
Venezuela,862,2005,424656.0,25,-64.94,7.36
Kenya,404,2005,396200.0,26,37.79,0.6
Netherlands (Kingdom of the),528,2005,396008.0,27,5.42,52.39
Indonesia,360,2005,358704.0,28,101.63,-0.38
Egypt,818,2005,353000.0,29,29.66,26.42
Ethiopia,231,2005,350260.0,30,39.23,8.28
Kazakhstan,398,2005,348300.0,32,67.45,48.6
Iran,364,2005,348000.0,33,54.29,32.38
Poland,616,2005,309500.0,34,19.31,52.15
Nigeria,566,2005,305610.0,35,8.0,9.55
Belgium,56,2005,267156.0,36,4.58,50.65
Belarus,112,2005,255800.0,37,27.97,53.55
Paraguay,600,2005,248679.0,38,-59.92,-22.02
Chad,148,2005,228960.0,39,18.61,15.31
Chile,152,2005,215584.0,40,-72.94,-45.71
Tanzania,834,2005,204520.0,41,34.84,-6.09
Austria,40,2005,204468.0,42,14.06,47.58
South Korea,410,2005,195000.0,43,127.97,36.36
Romania,642,2005,190196.0,44,24.94,45.86
Bangladesh,50,2005,183000.0,45,90.08,23.91
Bolivia,68,2005,175000.0,46,-64.64,-16.73
Philippines,608,2005,172759.0,47,121.28,16.79
Ecuador,218,2005,172273.0,48,-78.4,-1.41
Morocco,504,2005,157000.0,49,-7.57,31.45
Peru,604,2005,152497.22,51,-73.71,-12.39
Uganda,800,2005,147000.0,52,32.46,1.19
Afghanistan,4,2005,141100.0,53,66.09,33.86
Sweden,752,2005,135940.0,54,15.12,62.38
Denmark,208,2005,135921.0,55,9.26,56.28
Switzerland,756,2005,132763.0,56,7.99,46.85
Myanmar,104,2005,127857.6,57,96.16,21.26
Algeria,12,2005,120000.0,58,2.69,28.07
Portugal,620,2005,119019.0,59,-8.3,39.28
Burkina Faso,854,2005,111745.0,60,-1.66,12.65
Thailand,764,2005,110766.0,61,101.0,15.28
Turkmenistan,795,2005,103000.0,62,59.32,39.36
Azerbaijan,31,2005,95909.0,63,47.37,40.33
Cameroon,120,2005,94000.0,64,12.41,4.98
Kyrgyzstan,417,2005,90850.0,65,74.6,41.59
Israel,376,2005,89923.0,66,34.88,30.9
Norway,578,2005,87393.0,67,7.6,60.64
Finland,246,2005,86710.0,68,27.28,63.57
Angola,24,2005,84660.0,69,17.5,-12.29
Czechia,203,2005,81031.0,70,14.91,49.98
Costa Rica,188,2005,80741.0,71,-84.14,10.06
Vietnam,704,2005,78200.0,72,105.31,21.75
Central African Republic,140,2005,76000.0,73,20.98,6.89
Nicaragua,558,2005,75983.0,74,-84.99,12.81
Yemen,887,2005,72627.0,75,46.12,15.27
Greece,300,2005,72429.0,76,21.92,39.14
Dominican Republic,214,2005,71985.85,77,-70.62,19.08
Somalia,706,2005,67650.0,78,44.68,3.39
Honduras,340,2005,65744.0,79,-86.67,14.81
Panama,591,2005,65575.0,80,-80.86,8.39
Guatemala,320,2005,63000.0,81,-90.2,15.13
Lebanon,422,2005,61467.0,82,36.03,34.16
Cuba,192,2005,59900.0,83,-78.09,21.61
Zambia,894,2005,59200.0,84,26.73,-14.6
Niger,562,2005,58522.0,85,9.33,17.35
Cambodia,116,2005,57360.0,86,104.72,12.73
Syrian Arab Republic,760,2005,55167.0,87,38.54,35.01
Lithuania,440,2005,52891.0,88,23.88,55.19
Senegal,686,2005,47196.0,89,-14.48,14.93
Iraq,368,2005,47030.0,90,43.54,32.91
Georgia,268,2005,46404.0,91,43.4,42.08
Tunisia,788,2005,45800.0,92,9.1,34.02
Mongolia,496,2005,45300.0,93,102.87,46.43
Mali,466,2005,45103.36,94,-2.3,18.13
Haiti,332,2005,43500.0,95,-72.18,19.26
Madagascar,450,2005,42533.62,96,46.68,-19.01
Guinea,324,2005,41022.46,97,-10.13,10.68
Albania,8,2005,40800.0,98,19.98,40.99
Namibia,516,2005,40191.0,99,17.05,-21.43
Slovenia,705,2005,37382.0,100,14.96,46.09
Botswana,72,2005,35000.0,101,23.83,-22.11
Armenia,51,2005,34400.0,102,44.8,40.43
Croatia,191,2005,32800.0,103,16.55,45.84
Hungary,348,2005,32241.0,104,19.39,47.17
Benin,204,2005,29971.0,105,2.44,10.22
Bulgaria,100,2005,29783.0,106,25.18,42.66
Sri Lanka,144,2005,29280.0,107,80.67,7.7
El Salvador,222,2005,26978.0,108,-89.08,13.82
Tajikistan,762,2005,26700.0,109,72.37,38.37
Slovakia,703,2005,26385.0,110,19.34,48.81
Malaysia,458,2005,26293.0,111,114.1,2.86
Mauritania,478,2005,25200.0,112,-9.76,20.0
Rwanda,646,2005,23920.0,113,30.06,-1.87
Bosnia and Herzegovina,70,2005,23583.0,114,17.89,44.15
Lao People's Democratic Republic,418,2005,22500.0,115,102.7,19.39
Saudi Arabia,682,2005,22400.0,116,44.51,24.07
Democratic People's Republic of Korea,408,2005,21450.0,117,126.58,40.15
Malawi,454,2005,21344.0,118,33.74,-13.25
Latvia,428,2005,20444.0,119,25.14,57.13
Côte d'Ivoire,384,2005,19200.0,120,-5.61,7.55
Ghana,288,2005,18879.0,121,-1.0,7.97
Eritrea,232,2005,16677.0,122,38.11,16.02
Republic of Moldova,498,2005,15641.0,123,28.49,47.29
Eswatini,748,2005,14300.0,124,31.4,-26.49
Estonia,233,2005,13431.0,126,25.84,58.69
Democratic Republic of the Congo,180,2005,12400.0,127,23.74,-2.46
Jamaica,388,2005,10390.0,128,-77.32,18.13
Luxembourg,442,2005,9934.0,129,5.97,49.77
Puerto Rico,630,2005,9802.0,130,-66.48,18.24
Burundi,108,2005,8888.4,131,29.91,-3.38
Togo,768,2005,8200.0,132,1.11,8.7
North Macedonia,807,2005,7604.0,133,21.69,41.62
Jordan,400,2005,7530.0,134,36.4,30.86
United Arab Emirates,784,2005,7050.0,135,54.47,23.54
Mozambique,508,2005,6148.0,136,37.95,-14.9
Taiwan,158,2005,5573.0,137,120.94,23.75
Guinea-Bissau,624,2005,5247.0,138,-15.11,12.02
Palestine,275,2005,5228.0,139,35.29,31.98
Djibouti,262,2005,5170.0,140,42.26,11.67
Oman,512,2005,4810.0,141,57.22,21.83
Libya,434,2005,4600.0,142,19.18,26.25
Cyprus,196,2005,4182.0,143,33.05,34.89
Sierra Leone,694,2005,4137.75,144,-11.8,8.53
Gambia,270,2005,3936.0,145,-15.9,13.4
Congo,178,2005,3744.0,146,15.77,-0.21
Iceland,352,2005,3540.0,147,-18.79,64.98
New Caledonia,540,2005,3520.0,148,165.53,-21.26
Lesotho,426,2005,3245.0,150,28.17,-29.62
Vanuatu,548,2005,3195.0,151,166.91,-15.22
Papua New Guinea,598,2005,3135.0,152,143.84,-5.81
Fiji,242,2005,2252.0,154,177.99,-17.85
Brunei Darussalam,96,2005,2047.5,155,114.92,4.69
Guyana,328,2005,2028.0,156,-58.9,5.39
Belize,84,2005,1613.0,159,-88.71,17.2
Gabon,266,2005,1570.8,160,11.48,-0.64
Suriname,740,2005,1338.0,162,-55.91,4.12
Liberia,430,2005,1000.0,166,-9.49,6.43
Timor-Leste,626,2005,927.0,167,125.96,-8.76
Trinidad and Tobago,780,2005,765.0,169,-61.33,10.43
Kuwait,414,2005,728.0,170,47.64,29.43
Solomon Islands,90,2005,693.75,171,159.1,-7.9
Bhutan,64,2005,614.37,172,90.35,27.51
Qatar,634,2005,300.0,177,51.18,25.32
Equatorial Guinea,226,2005,46.2,188,10.37,1.65
Bahamas,44,2005,28.05,190,-77.96,24.59
United States,840,2015,10817307.0,1,-99.06,39.5
Brazil,76,2015,8063225.0,2,-51.56,-9.93
China,156,2015,5552010.0,3,106.12,32.65
Argentina,32,2015,2727000.0,4,-64.43,-33.89
Australia,36,2015,2661640.0,5,134.44,-24.5
Mexico,484,2015,1845236.0,6,-102.49,23.97
Russia,643,2015,1649373.0,7,99.17,63.3
France,250,2015,1447906.0,8,2.34,46.61
Germany,276,2015,1132340.0,9,9.97,51.25
South Africa,710,2015,1072800.0,10,23.67,-29.37
Canada,124,2015,1017551.0,11,-103.76,58.21
Pakistan,586,2015,980000.0,12,69.07,29.48
United Kingdom,826,2015,885000.0,13,-1.5,52.95
Turkey,792,2015,862098.12,14,35.45,39.16
Colombia,170,2015,854314.0,15,-73.15,3.73
Uzbekistan,860,2015,850000.0,16,63.64,41.78
Italy,380,2015,771766.9,17,11.02,44.93
New Zealand,554,2015,675844.0,18,169.87,-44.8
Spain,724,2015,626104.0,19,-3.62,40.35
Zimbabwe,716,2015,622143.0,20,29.79,-18.91
Ireland,372,2015,564100.0,21,-8.02,53.15
Uruguay,858,2015,536769.21,22,-56.0,-32.78
Indonesia,360,2015,506661.0,23,101.63,-0.38
Kenya,404,2015,487175.8,24,37.79,0.6
Poland,616,2015,486700.0,25,19.31,52.15
Japan,392,2015,481019.0,26,138.43,35.95
Paraguay,600,2015,444668.31,27,-59.92,-22.02
Venezuela,862,2015,434306.0,28,-64.94,7.36
Egypt,818,2015,430265.0,29,29.66,26.42
Ethiopia,231,2015,387804.82,30,39.23,8.28
Nigeria,566,2015,384395.78,31,8.0,9.55
Chad,148,2015,384022.0,32,18.61,15.31
Ukraine,804,2015,384000.0,33,31.6,49.13
Netherlands (Kingdom of the),528,2015,382520.0,34,5.42,52.39
Sudan,729,2015,366229.8,35,29.77,16.23
Myanmar,104,2015,357261.0,36,96.16,21.26
Iran,364,2015,341055.49,37,54.29,32.38
Belarus,112,2015,339000.0,38,27.97,53.55
South Korea,410,2015,323000.0,39,127.97,36.36
Tanzania,834,2015,319112.0,40,34.84,-6.09
Kazakhstan,398,2015,290000.0,41,67.45,48.6
Belgium,56,2015,267877.0,42,4.58,50.65
Morocco,504,2015,245514.0,43,-7.57,31.45
Bolivia,68,2015,243000.0,44,-64.64,-16.73
Austria,40,2015,229648.0,45,14.06,47.58
Chile,152,2015,225261.42,46,-72.94,-45.71
Uganda,800,2015,209017.0,47,32.46,1.19
Philippines,608,2015,205708.0,48,121.28,16.79
Guatemala,320,2015,198280.0,49,-90.2,15.13
Peru,604,2015,196014.92,50,-73.71,-12.39
Bangladesh,50,2015,191649.18,51,90.08,23.91
Vietnam,704,2015,190400.0,52,105.31,21.75
Turkmenistan,795,2015,161171.8,53,59.32,39.36
Zambia,894,2015,161000.0,54,26.73,-14.6
Ecuador,218,2015,158560.0,55,-78.4,-1.41
Algeria,12,2015,155037.0,56,2.69,28.07
Thailand,764,2015,144702.05,57,101.0,15.28
Sweden,752,2015,143980.0,58,15.12,62.38
Switzerland,756,2015,141909.0,59,7.99,46.85
Israel,376,2015,132212.0,60,34.88,30.9
Azerbaijan,31,2015,129753.0,61,47.37,40.33
Denmark,208,2015,120491.0,62,9.26,56.28
Romania,642,2015,118851.0,63,24.94,45.86
Nicaragua,558,2015,115216.0,64,-84.99,12.81
Cameroon,120,2015,114459.83,65,12.41,4.98
Afghanistan,4,2015,111438.28,66,66.09,33.86
Burkina Faso,854,2015,103000.0,67,-1.66,12.65
Angola,24,2015,102043.49,68,17.5,-12.29
Tajikistan,762,2015,100000.0,69,72.37,38.37
Kyrgyzstan,417,2015,99059.0,70,74.6,41.59
South Sudan,728,2015,98459.04,71,30.2,7.29
Dominican Republic,214,2015,95289.77,72,-70.62,19.08
Mongolia,496,2015,93251.8,73,102.87,46.43
Central African Republic,140,2015,93231.97,74,20.98,6.89
Portugal,620,2015,88645.0,75,-8.3,39.28
Finland,246,2015,86490.0,76,27.28,63.57
Costa Rica,188,2015,82008.0,77,-84.14,10.06
Panama,591,2015,80899.0,78,-80.86,8.39
Guinea,324,2015,80451.0,79,-10.13,10.68
Norway,578,2015,79672.0,80,7.6,60.64
Cuba,192,2015,75600.0,81,-78.09,21.61
Yemen,887,2015,72126.0,82,46.12,15.27
Senegal,686,2015,70164.65,83,-14.48,14.93
Czechia,203,2015,69014.0,84,14.91,49.98
Serbia,688,2015,66032.0,85,20.79,44.22
Honduras,340,2015,63668.0,86,-86.67,14.81
Armenia,51,2015,63600.0,87,44.8,40.43
Tunisia,788,2015,59300.0,88,9.1,34.02
Niger,562,2015,58942.0,89,9.33,17.35
Somalia,706,2015,58498.15,90,44.68,3.39
Syrian Arab Republic,760,2015,57859.0,91,38.54,35.01
Cambodia,116,2015,55469.93,92,104.72,12.73
Botswana,72,2015,55451.39,93,23.83,-22.11
Lebanon,422,2015,47270.75,94,36.03,34.16
Haiti,332,2015,46588.06,95,-72.18,19.26
Lithuania,440,2015,45102.0,96,23.88,55.19
Madagascar,450,2015,44205.0,97,46.68,-19.01
Malaysia,458,2015,43672.0,98,114.1,2.86
Mali,466,2015,43123.0,99,-2.3,18.13
Malawi,454,2015,42362.0,100,33.74,-13.25
Croatia,191,2015,42000.0,101,16.55,45.84
Greece,300,2015,39199.0,102,21.92,39.14
Benin,204,2015,38760.0,103,2.44,10.22
Albania,8,2015,38556.0,104,19.98,40.99
Rwanda,646,2015,36581.98,105,30.06,-1.87
Namibia,516,2015,34486.42,106,17.05,-21.43
Slovenia,705,2015,33583.0,107,14.96,46.09
Lao People's Democratic Republic,418,2015,31828.13,108,102.7,19.39
Saudi Arabia,682,2015,31000.0,109,44.51,24.07
Mauritania,478,2015,29706.56,110,-9.76,20.0
Jordan,400,2015,27452.0,111,36.4,30.86
Hungary,348,2015,27315.0,112,19.39,47.17
Iraq,368,2015,27189.9,113,43.54,32.91
Georgia,268,2015,24400.0,114,43.4,42.08
Ghana,288,2015,23841.0,115,-1.0,7.97
Bosnia and Herzegovina,70,2015,22849.0,116,17.89,44.15
Sri Lanka,144,2015,22530.0,117,80.67,7.7
Eritrea,232,2015,21810.94,118,38.11,16.02
Côte d'Ivoire,384,2015,21711.35,119,-5.61,7.55
Democratic People's Republic of Korea,408,2015,21102.36,120,126.58,40.15
Latvia,428,2015,18769.0,121,25.14,57.13
El Salvador,222,2015,18578.0,122,-89.08,13.82
Bulgaria,100,2015,18548.0,123,25.18,42.66
United Arab Emirates,784,2015,18500.94,124,54.47,23.54
Democratic Republic of the Congo,180,2015,16515.87,125,23.74,-2.46
Eswatini,748,2015,15484.24,126,31.4,-26.49
Oman,512,2015,13887.77,127,57.22,21.83
Estonia,233,2015,12600.0,128,25.84,58.69
Mozambique,508,2015,12303.0,129,37.95,-14.9
Burundi,108,2015,11794.72,130,29.91,-3.38
Slovakia,703,2015,10711.0,131,19.34,48.81
Sierra Leone,694,2015,10256.53,132,-11.8,8.53
Luxembourg,442,2015,9179.7,133,5.97,49.77
Palestine,275,2015,8696.46,134,35.29,31.98
Republic of Moldova,498,2015,8419.0,135,28.49,47.29
Puerto Rico,630,2015,7004.37,136,-66.48,18.24
Guinea-Bissau,624,2015,6587.09,138,-15.11,12.02
Taiwan,158,2015,6400.0,139,120.94,23.75
Jamaica,388,2015,6300.0,140,-77.32,18.13
Libya,434,2015,6000.0,141,19.18,26.25
Djibouti,262,2015,5973.94,142,42.26,11.67
Congo,178,2015,5799.84,143,15.77,-0.21
Cyprus,196,2015,4953.0,144,33.05,34.89
North Macedonia,807,2015,4875.0,145,21.69,41.62
Togo,768,2015,4683.0,146,1.11,8.7
Gambia,270,2015,4439.25,147,-15.9,13.4
New Caledonia,540,2015,3612.0,148,165.53,-21.26
Iceland,352,2015,3605.0,149,-18.79,64.98
Fiji,242,2015,3591.0,150,177.99,-17.85
Montenegro,499,2015,3211.0,151,19.23,42.85
Papua New Guinea,598,2015,3180.32,152,143.84,-5.81
Vanuatu,548,2015,2581.0,153,166.91,-15.22
Lesotho,426,2015,2506.0,154,28.17,-29.62
Guyana,328,2015,2282.0,155,-58.9,5.39
Kuwait,414,2015,1882.0,157,47.64,29.43
Belize,84,2015,1599.15,158,-88.71,17.2
Suriname,740,2015,1474.0,159,-55.91,4.12
Timor-Leste,626,2015,1316.96,161,125.96,-8.76
Liberia,430,2015,1179.42,163,-9.49,6.43
Gabon,266,2015,1161.99,164,11.48,-0.64
Trinidad and Tobago,780,2015,995.05,166,-61.33,10.43
Solomon Islands,90,2015,754.86,169,159.1,-7.9
Bhutan,64,2015,723.1,170,90.35,27.51
Qatar,634,2015,713.51,171,51.18,25.32
Brunei Darussalam,96,2015,482.0,174,114.92,4.69
Equatorial Guinea,226,2015,46.86,186,10.37,1.65
Bahamas,44,2015,18.82,188,-77.96,24.59
United States,840,2024,12289768.0,1,-99.06,39.5
Brazil,76,2024,10237584.0,2,-51.56,-9.93
China,156,2024,7011810.0,3,106.12,32.65
Argentina,32,2024,3178044.0,4,-64.43,-33.89
Australia,36,2024,2589767.0,5,134.44,-24.5
Mexico,484,2024,2253615.34,6,-102.49,23.97
Russia,643,2024,1692987.76,7,99.17,63.3
Turkey,792,2024,1483042.41,8,35.45,39.16
Pakistan,586,2024,1366891.36,9,69.07,29.48
France,250,2024,1298540.0,10,2.34,46.61
Canada,124,2024,1291344.0,11,-103.76,58.21
Uzbekistan,860,2024,1161390.21,12,63.64,41.78
South Africa,710,2024,1101970.0,13,23.67,-29.37
Germany,276,2024,1015350.0,14,9.97,51.25
United Kingdom,826,2024,934300.0,15,-1.5,52.95
Zimbabwe,716,2024,755211.44,16,29.79,-18.91
New Zealand,554,2024,741844.0,17,169.87,-44.8
Colombia,170,2024,731624.83,18,-73.15,3.73
Spain,724,2024,718450.0,19,-3.62,40.35
Tanzania,834,2024,666227.0,20,34.84,-6.09
Italy,380,2024,659120.0,21,11.02,44.93
Poland,616,2024,637490.0,22,19.31,52.15
Ireland,372,2024,602600.0,23,-8.02,53.15
Indonesia,360,2024,597754.09,24,101.63,-0.38
Chad,148,2024,578029.26,25,18.61,15.31
Uruguay,858,2024,577892.98,26,-56.0,-32.78
Japan,392,2024,461905.15,27,138.43,35.95
Netherlands (Kingdom of the),528,2024,433330.0,28,5.42,52.39
Kazakhstan,398,2024,429335.6,29,67.45,48.6
Ethiopia,231,2024,428612.34,30,39.23,8.28
Paraguay,600,2024,427139.78,31,-59.92,-22.02
Belarus,112,2024,399000.0,32,27.97,53.55
Venezuela,862,2024,379168.96,33,-64.94,7.36
South Korea,410,2024,370000.0,34,127.97,36.36
Sudan,729,2024,366281.51,35,29.77,16.23
Bolivia,68,2024,349417.26,36,-64.64,-16.73
Egypt,818,2024,321030.99,37,29.66,26.42
Nigeria,566,2024,317048.8,38,8.0,9.55
Tajikistan,762,2024,313638.54,39,72.37,38.37
Guatemala,320,2024,312601.68,40,-90.2,15.13
Vietnam,704,2024,270000.0,41,105.31,21.75
Kenya,404,2024,260083.0,42,37.79,0.6
Morocco,504,2024,254200.0,43,-7.57,31.45
Belgium,56,2024,249440.0,44,4.58,50.65
Ukraine,804,2024,244500.0,45,31.6,49.13
Ecuador,218,2024,242011.0,46,-78.4,-1.41
Uganda,800,2024,237542.63,47,32.46,1.19
Iran,364,2024,235157.1,48,54.29,32.38
Zambia,894,2024,221926.9,49,26.73,-14.6
Turkmenistan,795,2024,209347.02,50,59.32,39.36
Bangladesh,50,2024,204685.25,51,90.08,23.91
Peru,604,2024,203990.58,52,-73.71,-12.39
Austria,40,2024,203470.0,53,14.06,47.58
Chile,152,2024,197958.3,54,-72.94,-45.71
Switzerland,756,2024,144057.0,55,7.99,46.85
Sweden,752,2024,140970.0,56,15.12,62.38
Azerbaijan,31,2024,140472.61,57,47.37,40.33
Burkina Faso,854,2024,136145.87,58,-1.66,12.65
Algeria,12,2024,135000.0,59,2.69,28.07
South Sudan,728,2024,132346.43,60,30.2,7.29
Cameroon,120,2024,127280.8,61,12.41,4.98
Kyrgyzstan,417,2024,125469.0,62,74.6,41.59
Israel,376,2024,120244.0,63,34.88,30.9
Philippines,608,2024,116666.0,64,121.28,16.79
Denmark,208,2024,116400.0,65,9.26,56.28
Thailand,764,2024,112425.2,66,101.0,15.28
Angola,24,2024,110104.0,67,17.5,-12.29
Myanmar,104,2024,110000.0,68,96.16,21.26
Mongolia,496,2024,107748.7,69,102.87,46.43
Central African Republic,140,2024,103630.23,70,20.98,6.89
Portugal,620,2024,101770.0,71,-8.3,39.28
Costa Rica,188,2024,94191.44,72,-84.14,10.06
Finland,246,2024,86510.0,73,27.28,63.57
Norway,578,2024,86090.0,74,7.6,60.64
Yemen,887,2024,86024.86,75,46.12,15.27
Senegal,686,2024,79495.9,76,-14.48,14.93
Romania,642,2024,75780.0,77,24.94,45.86
Serbia,688,2024,75048.0,78,20.79,44.22
Guinea,324,2024,74012.56,79,-10.13,10.68
Malawi,454,2024,73661.51,80,33.74,-13.25
Panama,591,2024,71678.08,81,-80.86,8.39
Czechia,203,2024,71040.0,82,14.91,49.98
Dominican Republic,214,2024,67693.11,83,-70.62,19.08
Mali,466,2024,67217.15,84,-2.3,18.13
Niger,562,2024,65288.84,85,9.33,17.35
Honduras,340,2024,65000.0,86,-86.67,14.81
Botswana,72,2024,64888.95,87,23.83,-22.11
Afghanistan,4,2024,61420.58,88,66.09,33.86
Cuba,192,2024,60208.81,89,-78.09,21.61
Armenia,51,2024,60060.0,90,44.8,40.43
Cambodia,116,2024,57963.92,91,104.72,12.73
Somalia,706,2024,55480.62,92,44.68,3.39
Haiti,332,2024,49944.42,93,-72.18,19.26
Jordan,400,2024,49530.47,94,36.4,30.86
Benin,204,2024,47794.0,95,2.44,10.22
Lao People's Democratic Republic,418,2024,47504.77,96,102.7,19.39
Lithuania,440,2024,44760.0,97,23.88,55.19
Saudi Arabia,682,2024,43000.0,98,44.51,24.07
Croatia,191,2024,42480.0,99,16.55,45.84
Rwanda,646,2024,42094.2,100,30.06,-1.87
Tunisia,788,2024,41793.32,101,9.1,34.02
Syrian Arab Republic,760,2024,41649.0,102,38.54,35.01
Malaysia,458,2024,39497.92,103,114.1,2.86
Lebanon,422,2024,39193.98,104,36.03,34.16
Côte d'Ivoire,384,2024,37009.0,105,-5.61,7.55
Namibia,516,2024,35742.73,106,17.05,-21.43
Iraq,368,2024,34678.49,107,43.54,32.91
Greece,300,2024,32440.0,108,21.92,39.14
Slovenia,705,2024,31940.0,109,14.96,46.09
Ghana,288,2024,31832.95,110,-1.0,7.97
Mauritania,478,2024,31134.44,111,-9.76,20.0
Democratic Republic of the Congo,180,2024,27812.36,112,23.74,-2.46
Georgia,268,2024,26700.0,113,43.4,42.08
Albania,8,2024,25996.0,114,19.98,40.99
Eritrea,232,2024,25584.96,115,38.11,16.02
Madagascar,450,2024,24978.54,116,46.68,-19.01
Hungary,348,2024,23810.0,117,19.39,47.17
United Arab Emirates,784,2024,22004.76,118,54.47,23.54
Mozambique,508,2024,21335.0,119,37.95,-14.9
Sri Lanka,144,2024,20900.0,120,80.67,7.7
Democratic People's Republic of Korea,408,2024,20348.85,121,126.58,40.15
Bulgaria,100,2024,18820.0,122,25.18,42.66
Eswatini,748,2024,17957.1,123,31.4,-26.49
Burundi,108,2024,16871.09,124,29.91,-3.38
Latvia,428,2024,16820.0,125,25.14,57.13
El Salvador,222,2024,16414.65,126,-89.08,13.82
Oman,512,2024,16137.69,127,57.22,21.83
Sierra Leone,694,2024,11276.86,128,-11.8,8.53
Slovakia,703,2024,10060.0,129,19.34,48.81
Bosnia and Herzegovina,70,2024,9792.0,130,17.89,44.15
Luxembourg,442,2024,9430.0,131,5.97,49.77
Togo,768,2024,8800.0,132,1.11,8.7
Taiwan,158,2024,8000.0,133,120.94,23.75
Guinea-Bissau,624,2024,7956.75,134,-15.11,12.02
Estonia,233,2024,7720.0,135,25.84,58.69
Jamaica,388,2024,7407.0,136,-77.32,18.13
Montenegro,499,2024,6700.0,137,19.23,42.85
Djibouti,262,2024,6471.79,138,42.26,11.67
Libya,434,2024,6219.27,139,19.18,26.25
Cyprus,196,2024,5640.0,141,33.05,34.89
Congo,178,2024,5382.63,142,15.77,-0.21
Iceland,352,2024,4860.0,143,-18.79,64.98
Fiji,242,2024,4159.7,144,177.99,-17.85
North Macedonia,807,2024,4135.0,145,21.69,41.62
Puerto Rico,630,2024,4060.48,146,-66.48,18.24
Guyana,328,2024,3256.0,147,-58.9,5.39
New Caledonia,540,2024,2983.69,148,165.53,-21.26
Gambia,270,2024,2576.57,149,-15.9,13.4
Papua New Guinea,598,2024,2296.49,150,143.84,-5.81
Republic of Moldova,498,2024,2261.0,151,28.49,47.29
Belize,84,2024,2143.0,152,-88.71,17.2
Vanuatu,548,2024,2022.0,154,166.91,-15.22
Kuwait,414,2024,1858.8,155,47.64,29.43
Suriname,740,2024,1488.48,156,-55.91,4.12
Bhutan,64,2024,1419.61,157,90.35,27.51
Timor-Leste,626,2024,1275.34,159,125.96,-8.76
Lesotho,426,2024,1042.29,162,28.17,-29.62
Trinidad and Tobago,780,2024,1020.0,163,-61.33,10.43
Brunei Darussalam,96,2024,986.11,164,114.92,4.69
Liberia,430,2024,968.67,165,-9.49,6.43
Qatar,634,2024,914.21,166,51.18,25.32
Solomon Islands,90,2024,772.26,168,159.1,-7.9
Gabon,266,2024,754.6,170,11.48,-0.64
Equatorial Guinea,226,2024,48.36,183,10.37,1.65
Bahamas,44,2024,17.55,186,-77.96,24.59
