country,year,rank,tonnes
Argentina,2005,4,3130800.0
Argentina,2006,4,3033600.0
Argentina,2007,4,3223700.0
Argentina,2008,4,3131902.0
Argentina,2009,4,3378460.0
Argentina,2010,4,2630163.0
Argentina,2011,4,2498954.0
Argentina,2012,4,2595815.0
Argentina,2013,4,2821608.0
Argentina,2014,4,2674000.0
Argentina,2015,4,2727000.0
Argentina,2016,4,2644000.0
Argentina,2017,4,2844511.0
Argentina,2018,4,3066094.0
Argentina,2019,4,3135908.0
Argentina,2020,4,3168472.0
Argentina,2021,4,2981689.8
Argentina,2022,4,3150850.63
Argentina,2023,4,3287045.86
Argentina,2024,4,3178044.0
Australia,2005,5,2090272.0
Australia,2006,5,2188318.0
Australia,2007,5,2168946.0
Australia,2008,5,2138328.0
Australia,2009,5,2106385.0
Australia,2010,5,2128598.0
Australia,2011,5,2129021.0
Australia,2012,5,2152031.0
Australia,2013,5,2359064.0
Australia,2014,5,2595149.0
Australia,2015,5,2661640.0
Australia,2016,5,2315994.0
Australia,2017,5,2068616.0
Australia,2018,5,2308547.0
Australia,2019,5,2431810.0
Australia,2020,5,2125135.0
Australia,2021,6,1893742.0
Australia,2022,6,1889171.0
Australia,2023,5,2234836.0
Australia,2024,5,2589767.0
Brazil,2005,2,6345810.0
Brazil,2006,2,6886583.0
Brazil,2007,2,7048995.0
Brazil,2008,2,6621374.0
Brazil,2009,2,6661633.0
Brazil,2010,2,6977484.0
Brazil,2011,2,6783537.0
Brazil,2012,2,7351147.0
Brazil,2013,2,8166720.0
Brazil,2014,2,9723000.0
Brazil,2015,2,8063225.0
Brazil,2016,2,7358778.0
Brazil,2017,2,7681538.0
Brazil,2018,2,7989516.0
Brazil,2019,2,8218851.0
Brazil,2020,2,7824888.0
Brazil,2021,2,7456261.0
Brazil,2022,2,8012320.0
Brazil,2023,2,8962423.0
Brazil,2024,2,10237584.0
Canada,2005,9,1469980.0
Canada,2006,9,1328700.0
Canada,2007,9,1277650.0
Canada,2008,9,1303630.0
Canada,2009,9,1239440.0
Canada,2010,9,1240625.0
Canada,2011,10,1105995.0
Canada,2012,10,1026027.0
Canada,2013,10,1023995.0
Canada,2014,10,1068591.0
Canada,2015,11,1017551.0
Canada,2016,10,1111992.0
Canada,2017,9,1203026.0
Canada,2018,10,1265935.0
Canada,2019,9,1341994.0
Canada,2020,10,1330281.0
Canada,2021,10,1383483.0
Canada,2022,9,1412231.0
Canada,2023,9,1343172.0
Canada,2024,11,1291344.0
China,2005,3,5112900.0
China,2006,3,5312970.0
China,2007,3,5635980.0
China,2008,3,5559120.0
China,2009,3,5635620.0
China,2010,3,5661630.0
China,2011,3,5496390.0
China,2012,3,5532750.0
China,2013,3,5517810.0
China,2014,3,5541480.0
China,2015,3,5552010.0
China,2016,3,5552190.0
China,2017,3,5711580.0
China,2018,3,5796540.0
China,2019,3,6005800.0
China,2020,3,6052050.0
China,2021,3,6277590.0
China,2022,3,6464340.0
China,2023,3,6774120.0
China,2024,3,7011810.0
France,2005,8,1546741.0
France,2006,8,1486675.0
France,2007,8,1502561.1
France,2008,8,1502901.1
France,2009,8,1515808.0
France,2010,8,1530257.8
France,2011,8,1566805.6
France,2012,8,1493864.7
France,2013,8,1400331.0
France,2014,8,1410854.0
France,2015,8,1447906.0
France,2016,8,1466098.9
France,2017,8,1432779.9
France,2018,8,1460000.0
France,2019,8,1428460.0
France,2020,8,1434590.0
France,2021,9,1424320.0
France,2022,10,1361310.0
France,2023,10,1301420.0
France,2024,10,1298540.0
Germany,2005,10,1166900.0
Germany,2006,10,1193180.0
Germany,2007,10,1185724.0
Germany,2008,10,1199431.0
Germany,2009,10,1189615.0
Germany,2010,10,1205002.0
Germany,2011,9,1170376.0
Germany,2012,9,1146255.0
Germany,2013,9,1116507.0
Germany,2014,9,1142603.0
Germany,2015,9,1132340.0
Germany,2016,9,1155483.0
Germany,2017,10,1137008.0
Germany,2018,11,1109000.0
Germany,2019,12,1107000.0
Germany,2020,12,1092030.0
Germany,2021,11,1080430.0
Germany,2022,14,994910.0
Germany,2023,14,1004600.0
Germany,2024,14,1015350.0
Mexico,2005,7,1557707.0
Mexico,2006,7,1612992.0
Mexico,2007,7,1635040.0
Mexico,2008,7,1667136.26
Mexico,2009,7,1704985.0
Mexico,2010,6,1744738.0
Mexico,2011,6,1803932.0
Mexico,2012,6,1820547.0
Mexico,2013,6,1806758.0
Mexico,2014,6,1827152.0
Mexico,2015,6,1845236.0
Mexico,2016,6,1878705.5
Mexico,2017,6,1926901.0
Mexico,2018,6,1980846.34
Mexico,2019,6,2027634.25
Mexico,2020,6,2081261.6
Mexico,2021,5,2130590.63
Mexico,2022,5,2175576.61
Mexico,2023,6,2214927.7
Mexico,2024,6,2253615.34
Pakistan,2005,22,515000.0
Pakistan,2006,15,702000.0
Pakistan,2007,15,729000.0
Pakistan,2008,15,756000.0
Pakistan,2009,15,785000.0
Pakistan,2010,14,814000.0
Pakistan,2011,14,861000.0
Pakistan,2012,13,880000.0
Pakistan,2013,12,914000.0
Pakistan,2014,12,944000.0
Pakistan,2015,12,980000.0
Pakistan,2016,12,1017000.0
Pakistan,2017,12,1055000.0
Pakistan,2018,12,1095000.0
Pakistan,2019,11,1136000.0
Pakistan,2020,11,1179000.0
Pakistan,2021,12,1076000.0
Pakistan,2022,11,1116000.0
Pakistan,2023,11,1159000.0
Pakistan,2024,9,1366891.36
Russia,2005,6,1809200.0
Russia,2006,6,1721500.0
Russia,2007,6,1699200.0
Russia,2008,6,1768716.0
Russia,2009,6,1740628.0
Russia,2010,7,1727311.0
Russia,2011,7,1625469.0
Russia,2012,7,1641519.0
Russia,2013,7,1633258.0
Russia,2014,7,1654135.0
Russia,2015,7,1649373.0
Russia,2016,7,1588769.0
Russia,2017,7,1569267.0
Russia,2018,7,1608136.0
Russia,2019,7,1625163.0
Russia,2020,7,1633742.0
Russia,2021,7,1673546.0
Russia,2022,7,1620730.0
Russia,2023,8,1659600.0
Russia,2024,7,1692987.76
South Africa,2005,14,746000.0
South Africa,2006,13,832000.0
South Africa,2007,14,829000.0
South Africa,2008,14,798000.0
South Africa,2009,14,803000.0
South Africa,2010,13,897000.0
South Africa,2011,13,878000.0
South Africa,2012,14,875000.0
South Africa,2013,11,953106.72
South Africa,2014,11,1000658.54
South Africa,2015,10,1072800.0
South Africa,2016,11,1089686.0
South Africa,2017,13,1014071.0
South Africa,2018,14,1003214.0
South Africa,2019,13,1036820.0
South Africa,2020,13,1041360.0
South Africa,2021,13,1053160.0
South Africa,2022,13,1008270.0
South Africa,2023,13,1032360.0
South Africa,2024,13,1101970.0
Turkey,2005,24,491559.92
Turkey,2006,24,514042.0
Turkey,2007,20,549512.86
Turkey,2008,19,581497.48
Turkey,2009,18,608183.48
Turkey,2010,18,647067.39
Turkey,2011,16,710652.09
Turkey,2012,16,790034.43
Turkey,2013,16,798783.9
Turkey,2014,15,815673.78
Turkey,2015,14,862098.12
Turkey,2016,13,956180.38
Turkey,2017,11,1093840.65
Turkey,2018,9,1281234.27
Turkey,2019,10,1330169.28
Turkey,2020,9,1341445.52
Turkey,2021,8,1460719.27
Turkey,2022,8,1572747.15
Turkey,2023,7,1670606.03
Turkey,2024,8,1483042.41
United States,2005,1,11180612.0
United States,2006,1,11242845.0
United States,2007,1,11909626.0
United States,2008,1,12030872.0
United States,2009,1,12091245.0
United States,2010,1,11818953.0
United States,2011,1,11969954.0
United States,2012,1,11916067.0
United States,2013,1,11788608.0
United States,2014,1,11698116.0
United States,2015,1,10817307.0
United States,2016,1,11507221.0
United States,2017,1,11943486.0
United States,2018,1,12255874.0
United States,2019,1,12384649.0
United States,2020,1,12388505.0
United States,2021,1,12733653.0
United States,2022,1,12889961.0
United States,2023,1,12286638.0
United States,2024,1,12289768.0
