year,quarter,date,slaughter_000
2005,Jan–Mar,2005-03,1815.2
2005,Apr–Jun,2005-06,2146.5
2005,Jul–Sep,2005-09,1874.7
2005,Oct–Dec,2005-12,1806.9
2006,Jan–Mar,2006-03,1883.6
2006,Apr–Jun,2006-06,2014.8
2006,Jul–Sep,2006-09,1996.0
2006,Oct–Dec,2006-12,2091.1
2007,Jan–Mar,2007-03,2033.1
2007,Apr–Jun,2007-06,2041.5
2007,Jul–Sep,2007-09,1959.2
2007,Oct–Dec,2007-12,1965.8
2008,Jan–Mar,2008-03,1778.2
2008,Apr–Jun,2008-06,2130.1
2008,Jul–Sep,2008-09,1982.0
2008,Oct–Dec,2008-12,1963.9
2009,Jan–Mar,2009-03,1879.1
2009,Apr–Jun,2009-06,1964.2
2009,Jul–Sep,2009-09,1967.8
2009,Oct–Dec,2009-12,1771.7
2010,Jan–Mar,2010-03,1732.2
2010,Apr–Jun,2010-06,1988.9
2010,Jul–Sep,2010-09,1912.1
2010,Oct–Dec,2010-12,1838.6
2011,Jan–Mar,2011-03,1728.3
2011,Apr–Jun,2011-06,1889.6
2011,Jul–Sep,2011-09,1825.0
2011,Oct–Dec,2011-12,1817.8
2012,Jan–Mar,2012-03,1745.8
2012,Apr–Jun,2012-06,1812.6
2012,Jul–Sep,2012-09,1887.1
2012,Oct–Dec,2012-12,1906.9
2013,Jan–Mar,2013-03,1867.2
2013,Apr–Jun,2013-06,2150.0
2013,Jul–Sep,2013-09,2210.0
2013,Oct–Dec,2013-12,2117.0
2014,Jan–Mar,2014-03,2172.6
2014,Apr–Jun,2014-06,2264.4
2014,Jul–Sep,2014-09,2464.9
2014,Oct–Dec,2014-12,2324.3
2015,Jan–Mar,2015-03,2263.2
2015,Apr–Jun,2015-06,2367.6
2015,Jul–Sep,2015-09,2321.7
2015,Oct–Dec,2015-12,2054.8
2016,Jan–Mar,2016-03,1824.2
2016,Apr–Jun,2016-06,1988.1
2016,Jul–Sep,2016-09,1717.6
2016,Oct–Dec,2016-12,1758.1
2017,Jan–Mar,2017-03,1673.8
2017,Apr–Jun,2017-06,1831.9
2017,Jul–Sep,2017-09,1923.1
2017,Oct–Dec,2017-12,1729.7
2018,Jan–Mar,2018-03,1765.4
2018,Apr–Jun,2018-06,2060.9
2018,Jul–Sep,2018-09,2114.7
2018,Oct–Dec,2018-12,1932.1
2019,Jan–Mar,2019-03,2010.4
2019,Apr–Jun,2019-06,2113.3
2019,Jul–Sep,2019-09,2229.7
2019,Oct–Dec,2019-12,2128.6
2020,Jan–Mar,2020-03,1935.2
2020,Apr–Jun,2020-06,1885.8
2020,Jul–Sep,2020-09,1761.5
2020,Oct–Dec,2020-12,1562.7
2021,Jan–Mar,2021-03,1417.8
2021,Apr–Jun,2021-06,1538.2
2021,Jul–Sep,2021-09,1597.1
2021,Oct–Dec,2021-12,1464.8
2022,Jan–Mar,2022-03,1339.5
2022,Apr–Jun,2022-06,1490.4
2022,Jul–Sep,2022-09,1557.3
2022,Oct–Dec,2022-12,1462.4
2023,Jan–Mar,2023-03,1542.4
2023,Apr–Jun,2023-06,1728.1
2023,Jul–Sep,2023-09,1908.6
2023,Oct–Dec,2023-12,1841.1
2024,Jan–Mar,2024-03,1806.6
2024,Apr–Jun,2024-06,2123.4
2024,Jul–Sep,2024-09,2241.2
2024,Oct–Dec,2024-12,2124.6
2025,Jan–Mar,2025-03,2172.4
2025,Apr–Jun,2025-06,2338.2
2025,Jul–Sep,2025-09,2475.3
2025,Oct–Dec,2025-12,2298.0
2026,Jan–Mar,2026-03,2302.3
2026,Apr–Jun,2026-06,2521.6
