Domain Code,Domain,Area Code (M49),Area,Element Code,Element,Item Code (FBS),Item,Year Code,Year,Unit,Value,Flag,Flag Description,Note
"FBS","Food Balances (2010-)","004","Afghanistan","5511","Production","S2731","Bovine Meat","2023","2023","1000 t","71","I","Value imputed by a receiving agency",""
"FBS","Food Balances (2010-)","004","Afghanistan","5301","Domestic supply quantity","S2731","Bovine Meat","2023","2023","1000 t","72","I","Value imputed by a receiving agency",""
"FBS","Food Balances (2010-)","008","Albania","5511","Production","S2731","Bovine Meat","2023","2023","1000 t","28","I","Value imputed by a receiving agency",""
"FBS","Food Balances (2010-)","008","Albania","5301","Domestic supply quantity","S2731","Bovine Meat","2023","2023","1000 t","45","I","Value imputed by a receiving agency",""
"FBS","Food Balances (2010-)","012","Algeria","5511","Production","S2731","Bovine Meat","2023","2023","1000 t","138","I","Value imputed by a receiving agency",""
"FBS","Food Balances (2010-)","012","Algeria","5301","Domestic supply quantity","S2731","Bovine Meat","2023","2023","1000 t","149","I","Value imputed by a receiving agency",""
"FBS","Food Balances (2010-)","024","Angola","5511","Production","S2731","Bovine Meat","2023","2023","1000 t","106","I","Value imputed by a receiving agency",""
"FBS","Food Balances (2010-)","024","Angola","5301","Domestic supply quantity","S2731","Bovine Meat","2023","2023","1000 t","128","I","Value imputed by a receiving agency",""
"FBS","Food Balances (2010-)","028","Antigua and Barbuda","5511","Production","S2731","Bovine Meat","2023","2023","1000 t","0","I","Value imputed by a receiving agency",""
"FBS","Food Balances (2010-)","028","Antigua and Barbuda","5301","Domestic supply quantity","S2731","Bovine Meat","2023","2023","1000 t","2","I","Value imputed by a receiving agency",""
"FBS","Food Balances (2010-)","032","Argentina","5511","Production","S2731","Bovine Meat","2023","2023","1000 t","3287","I","Value imputed by a receiving agency",""
"FBS","Food Balances (2010-)","032","Argentina","5301","Domestic supply quantity","S2731","Bovine Meat","2023","2023","1000 t","2526","I","Value imputed by a receiving agency",""
"FBS","Food Balances (2010-)","051","Armenia","5511","Production","S2731","Bovine Meat","2023","2023","1000 t","61","I","Value imputed by a receiving agency",""
"FBS","Food Balances (2010-)","051","Armenia","5301","Domestic supply quantity","S2731","Bovine Meat","2023","2023","1000 t","67","I","Value imputed by a receiving agency",""
"FBS","Food Balances (2010-)","036","Australia","5511","Production","S2731","Bovine Meat","2023","2023","1000 t","2236","I","Value imputed by a receiving agency",""
"FBS","Food Balances (2010-)","036","Australia","5301","Domestic supply quantity","S2731","Bovine Meat","2023","2023","1000 t","712","I","Value imputed by a receiving agency",""
"FBS","Food Balances (2010-)","040","Austria","5511","Production","S2731","Bovine Meat","2023","2023","1000 t","205","I","Value imputed by a receiving agency",""
"FBS","Food Balances (2010-)","040","Austria","5301","Domestic supply quantity","S2731","Bovine Meat","2023","2023","1000 t","126","I","Value imputed by a receiving agency",""
"FBS","Food Balances (2010-)","031","Azerbaijan","5511","Production","S2731","Bovine Meat","2023","2023","1000 t","153","I","Value imputed by a receiving agency",""
"FBS","Food Balances (2010-)","031","Azerbaijan","5301","Domestic supply quantity","S2731","Bovine Meat","2023","2023","1000 t","147","I","Value imputed by a receiving agency",""
"FBS","Food Balances (2010-)","044","Bahamas","5511","Production","S2731","Bovine Meat","2023","2023","1000 t","0","I","Value imputed by a receiving agency",""
"FBS","Food Balances (2010-)","044","Bahamas","5301","Domestic supply quantity","S2731","Bovine Meat","2023","2023","1000 t","9","I","Value imputed by a receiving agency",""
"FBS","Food Balances (2010-)","048","Bahrain","5511","Production","S2731","Bovine Meat","2023","2023","1000 t","1","I","Value imputed by a receiving agency",""
"FBS","Food Balances (2010-)","048","Bahrain","5301","Domestic supply quantity","S2731","Bovine Meat","2023","2023","1000 t","22","I","Value imputed by a receiving agency",""
"FBS","Food Balances (2010-)","050","Bangladesh","5511","Production","S2731","Bovine Meat","2023","2023","1000 t","210","I","Value imputed by a receiving agency",""
"FBS","Food Balances (2010-)","050","Bangladesh","5301","Domestic supply quantity","S2731","Bovine Meat","2023","2023","1000 t","209","I","Value imputed by a receiving agency",""
"FBS","Food Balances (2010-)","052","Barbados","5511","Production","S2731","Bovine Meat","2023","2023","1000 t","0","I","Value imputed by a receiving agency",""
"FBS","Food Balances (2010-)","052","Barbados","5301","Domestic supply quantity","S2731","Bovine Meat","2023","2023","1000 t","4","I","Value imputed by a receiving agency",""
"FBS","Food Balances (2010-)","112","Belarus","5511","Production","S2731","Bovine Meat","2023","2023","1000 t","375","I","Value imputed by a receiving agency",""
"FBS","Food Balances (2010-)","112","Belarus","5301","Domestic supply quantity","S2731","Bovine Meat","2023","2023","1000 t","242","I","Value imputed by a receiving agency",""
"FBS","Food Balances (2010-)","056","Belgium","5511","Production","S2731","Bovine Meat","2023","2023","1000 t","240","I","Value imputed by a receiving agency",""
"FBS","Food Balances (2010-)","056","Belgium","5301","Domestic supply quantity","S2731","Bovine Meat","2023","2023","1000 t","146","I","Value imputed by a receiving agency",""
"FBS","Food Balances (2010-)","084","Belize","5511","Production","S2731","Bovine Meat","2023","2023","1000 t","2","I","Value imputed by a receiving agency",""
"FBS","Food Balances (2010-)","084","Belize","5301","Domestic supply quantity","S2731","Bovine Meat","2023","2023","1000 t","2","I","Value imputed by a receiving agency",""
"FBS","Food Balances (2010-)","064","Bhutan","5511","Production","S2731","Bovine Meat","2023","2023","1000 t","2","I","Value imputed by a receiving agency",""
"FBS","Food Balances (2010-)","064","Bhutan","5301","Domestic supply quantity","S2731","Bovine Meat","2023","2023","1000 t","5","I","Value imputed by a receiving agency",""
"FBS","Food Balances (2010-)","068","Bolivia (Plurinational State of)","5511","Production","S2731","Bovine Meat","2023","2023","1000 t","327","I","Value imputed by a receiving agency",""
"FBS","Food Balances (2010-)","068","Bolivia (Plurinational State of)","5301","Domestic supply quantity","S2731","Bovine Meat","2023","2023","1000 t","288","I","Value imputed by a receiving agency",""
"FBS","Food Balances (2010-)","070","Bosnia and Herzegovina","5511","Production","S2731","Bovine Meat","2023","2023","1000 t","10","I","Value imputed by a receiving agency",""
"FBS","Food Balances (2010-)","070","Bosnia and Herzegovina","5301","Domestic supply quantity","S2731","Bovine Meat","2023","2023","1000 t","48","I","Value imputed by a receiving agency",""
"FBS","Food Balances (2010-)","072","Botswana","5511","Production","S2731","Bovine Meat","2023","2023","1000 t","69","I","Value imputed by a receiving agency",""
"FBS","Food Balances (2010-)","072","Botswana","5301","Domestic supply quantity","S2731","Bovine Meat","2023","2023","1000 t","62","I","Value imputed by a receiving agency",""
"FBS","Food Balances (2010-)","076","Brazil","5511","Production","S2731","Bovine Meat","2023","2023","1000 t","11160","I","Value imputed by a receiving agency",""
"FBS","Food Balances (2010-)","076","Brazil","5301","Domestic supply quantity","S2731","Bovine Meat","2023","2023","1000 t","8249","I","Value imputed by a receiving agency",""
"FBS","Food Balances (2010-)","100","Bulgaria","5511","Production","S2731","Bovine Meat","2023","2023","1000 t","17","I","Value imputed by a receiving agency",""
"FBS","Food Balances (2010-)","100","Bulgaria","5301","Domestic supply quantity","S2731","Bovine Meat","2023","2023","1000 t","21","I","Value imputed by a receiving agency",""
"FBS","Food Balances (2010-)","854","Burkina Faso","5511","Production","S2731","Bovine Meat","2023","2023","1000 t","132","I","Value imputed by a receiving agency",""
"FBS","Food Balances (2010-)","854","Burkina Faso","5301","Domestic supply quantity","S2731","Bovine Meat","2023","2023","1000 t","132","I","Value imputed by a receiving agency",""
"FBS","Food Balances (2010-)","132","Cabo Verde","5511","Production","S2731","Bovine Meat","2023","2023","1000 t","1","I","Value imputed by a receiving agency",""
"FBS","Food Balances (2010-)","132","Cabo Verde","5301","Domestic supply quantity","S2731","Bovine Meat","2023","2023","1000 t","2","I","Value imputed by a receiving agency",""
"FBS","Food Balances (2010-)","116","Cambodia","5511","Production","S2731","Bovine Meat","2023","2023","1000 t","59","I","Value imputed by a receiving agency",""
"FBS","Food Balances (2010-)","116","Cambodia","5301","Domestic supply quantity","S2731","Bovine Meat","2023","2023","1000 t","99","I","Value imputed by a receiving agency",""
"FBS","Food Balances (2010-)","120","Cameroon","5511","Production","S2731","Bovine Meat","2023","2023","1000 t","121","I","Value imputed by a receiving agency",""
"FBS","Food Balances (2010-)","120","Cameroon","5301","Domestic supply quantity","S2731","Bovine Meat","2023","2023","1000 t","122","I","Value imputed by a receiving agency",""
"FBS","Food Balances (2010-)","124","Canada","5511","Production","S2731","Bovine Meat","2023","2023","1000 t","1348","I","Value imputed by a receiving agency",""
"FBS","Food Balances (2010-)","124","Canada","5301","Domestic supply quantity","S2731","Bovine Meat","2023","2023","1000 t","1008","I","Value imputed by a receiving agency",""
"FBS","Food Balances (2010-)","152","Chile","5511","Production","S2731","Bovine Meat","2023","2023","1000 t","188","I","Value imputed by a receiving agency",""
"FBS","Food Balances (2010-)","152","Chile","5301","Domestic supply quantity","S2731","Bovine Meat","2023","2023","1000 t","540","I","Value imputed by a receiving agency",""
"FBS","Food Balances (2010-)","159","China","5511","Production","S2731","Bovine Meat","2023","2023","1000 t","7542","E","Estimated value",""
"FBS","Food Balances (2010-)","159","China","5301","Domestic supply quantity","S2731","Bovine Meat","2023","2023","1000 t","11527","E","Estimated value",""
"FBS","Food Balances (2010-)","344","China, Hong Kong SAR","5511","Production","S2731","Bovine Meat","2023","2023","1000 t","6","I","Value imputed by a receiving agency",""
"FBS","Food Balances (2010-)","344","China, Hong Kong SAR","5301","Domestic supply quantity","S2731","Bovine Meat","2023","2023","1000 t","152","I","Value imputed by a receiving agency",""
"FBS","Food Balances (2010-)","446","China, Macao SAR","5511","Production","S2731","Bovine Meat","2023","2023","1000 t","1","I","Value imputed by a receiving agency",""
"FBS","Food Balances (2010-)","446","China, Macao SAR","5301","Domestic supply quantity","S2731","Bovine Meat","2023","2023","1000 t","13","I","Value imputed by a receiving agency",""
"FBS","Food Balances (2010-)","156","China, mainland","5511","Production","S2731","Bovine Meat","2023","2023","1000 t","7527","I","Value imputed by a receiving agency",""
"FBS","Food Balances (2010-)","156","China, mainland","5301","Domestic supply quantity","S2731","Bovine Meat","2023","2023","1000 t","11151","I","Value imputed by a receiving agency",""
"FBS","Food Balances (2010-)","158","China, Taiwan Province of","5511","Production","S2731","Bovine Meat","2023","2023","1000 t","8","I","Value imputed by a receiving agency",""
"FBS","Food Balances (2010-)","158","China, Taiwan Province of","5301","Domestic supply quantity","S2731","Bovine Meat","2023","2023","1000 t","211","I","Value imputed by a receiving agency",""
"FBS","Food Balances (2010-)","170","Colombia","5511","Production","S2731","Bovine Meat","2023","2023","1000 t","719","I","Value imputed by a receiving agency",""
"FBS","Food Balances (2010-)","170","Colombia","5301","Domestic supply quantity","S2731","Bovine Meat","2023","2023","1000 t","690","I","Value imputed by a receiving agency",""
"FBS","Food Balances (2010-)","174","Comoros","5511","Production","S2731","Bovine Meat","2023","2023","1000 t","1","I","Value imputed by a receiving agency",""
"FBS","Food Balances (2010-)","174","Comoros","5301","Domestic supply quantity","S2731","Bovine Meat","2023","2023","1000 t","3","I","Value imputed by a receiving agency",""
"FBS","Food Balances (2010-)","178","Congo","5511","Production","S2731","Bovine Meat","2023","2023","1000 t","5","I","Value imputed by a receiving agency",""
"FBS","Food Balances (2010-)","178","Congo","5301","Domestic supply quantity","S2731","Bovine Meat","2023","2023","1000 t","17","I","Value imputed by a receiving agency",""
"FBS","Food Balances (2010-)","188","Costa Rica","5511","Production","S2731","Bovine Meat","2023","2023","1000 t","87","I","Value imputed by a receiving agency",""
"FBS","Food Balances (2010-)","188","Costa Rica","5301","Domestic supply quantity","S2731","Bovine Meat","2023","2023","1000 t","70","I","Value imputed by a receiving agency",""
"FBS","Food Balances (2010-)","384","Côte d'Ivoire","5511","Production","S2731","Bovine Meat","2023","2023","1000 t","24","I","Value imputed by a receiving agency",""
"FBS","Food Balances (2010-)","384","Côte d'Ivoire","5301","Domestic supply quantity","S2731","Bovine Meat","2023","2023","1000 t","27","I","Value imputed by a receiving agency",""
"FBS","Food Balances (2010-)","191","Croatia","5511","Production","S2731","Bovine Meat","2023","2023","1000 t","41","I","Value imputed by a receiving agency",""
"FBS","Food Balances (2010-)","191","Croatia","5301","Domestic supply quantity","S2731","Bovine Meat","2023","2023","1000 t","61","I","Value imputed by a receiving agency",""
"FBS","Food Balances (2010-)","196","Cyprus","5511","Production","S2731","Bovine Meat","2023","2023","1000 t","5","I","Value imputed by a receiving agency",""
"FBS","Food Balances (2010-)","196","Cyprus","5301","Domestic supply quantity","S2731","Bovine Meat","2023","2023","1000 t","13","I","Value imputed by a receiving agency",""
"FBS","Food Balances (2010-)","203","Czechia","5511","Production","S2731","Bovine Meat","2023","2023","1000 t","82","I","Value imputed by a receiving agency",""
"FBS","Food Balances (2010-)","203","Czechia","5301","Domestic supply quantity","S2731","Bovine Meat","2023","2023","1000 t","122","I","Value imputed by a receiving agency",""
"FBS","Food Balances (2010-)","180","Democratic Republic of the Congo","5511","Production","S2731","Bovine Meat","2023","2023","1000 t","26","I","Value imputed by a receiving agency",""
"FBS","Food Balances (2010-)","180","Democratic Republic of the Congo","5301","Domestic supply quantity","S2731","Bovine Meat","2023","2023","1000 t","33","I","Value imputed by a receiving agency",""
"FBS","Food Balances (2010-)","208","Denmark","5511","Production","S2731","Bovine Meat","2023","2023","1000 t","119","I","Value imputed by a receiving agency",""
"FBS","Food Balances (2010-)","208","Denmark","5301","Domestic supply quantity","S2731","Bovine Meat","2023","2023","1000 t","128","I","Value imputed by a receiving agency",""
"FBS","Food Balances (2010-)","262","Djibouti","5511","Production","S2731","Bovine Meat","2023","2023","1000 t","7","I","Value imputed by a receiving agency",""
"FBS","Food Balances (2010-)","262","Djibouti","5301","Domestic supply quantity","S2731","Bovine Meat","2023","2023","1000 t","7","I","Value imputed by a receiving agency",""
"FBS","Food Balances (2010-)","214","Dominican Republic","5511","Production","S2731","Bovine Meat","2023","2023","1000 t","63","I","Value imputed by a receiving agency",""
"FBS","Food Balances (2010-)","214","Dominican Republic","5301","Domestic supply quantity","S2731","Bovine Meat","2023","2023","1000 t","74","I","Value imputed by a receiving agency",""
"FBS","Food Balances (2010-)","218","Ecuador","5511","Production","S2731","Bovine Meat","2023","2023","1000 t","209","I","Value imputed by a receiving agency",""
"FBS","Food Balances (2010-)","218","Ecuador","5301","Domestic supply quantity","S2731","Bovine Meat","2023","2023","1000 t","212","I","Value imputed by a receiving agency",""
"FBS","Food Balances (2010-)","818","Egypt","5511","Production","S2731","Bovine Meat","2023","2023","1000 t","663","I","Value imputed by a receiving agency",""
"FBS","Food Balances (2010-)","818","Egypt","5301","Domestic supply quantity","S2731","Bovine Meat","2023","2023","1000 t","811","I","Value imputed by a receiving agency",""
"FBS","Food Balances (2010-)","222","El Salvador","5511","Production","S2731","Bovine Meat","2023","2023","1000 t","18","I","Value imputed by a receiving agency",""
"FBS","Food Balances (2010-)","222","El Salvador","5301","Domestic supply quantity","S2731","Bovine Meat","2023","2023","1000 t","64","I","Value imputed by a receiving agency",""
"FBS","Food Balances (2010-)","233","Estonia","5511","Production","S2731","Bovine Meat","2023","2023","1000 t","8","I","Value imputed by a receiving agency",""
"FBS","Food Balances (2010-)","233","Estonia","5301","Domestic supply quantity","S2731","Bovine Meat","2023","2023","1000 t","11","I","Value imputed by a receiving agency",""
"FBS","Food Balances (2010-)","748","Eswatini","5511","Production","S2731","Bovine Meat","2023","2023","1000 t","14","I","Value imputed by a receiving agency",""
"FBS","Food Balances (2010-)","748","Eswatini","5301","Domestic supply quantity","S2731","Bovine Meat","2023","2023","1000 t","16","I","Value imputed by a receiving agency",""
"FBS","Food Balances (2010-)","231","Ethiopia","5511","Production","S2731","Bovine Meat","2023","2023","1000 t","432","I","Value imputed by a receiving agency",""
"FBS","Food Balances (2010-)","231","Ethiopia","5301","Domestic supply quantity","S2731","Bovine Meat","2023","2023","1000 t","431","I","Value imputed by a receiving agency",""
"FBS","Food Balances (2010-)","242","Fiji","5511","Production","S2731","Bovine Meat","2023","2023","1000 t","5","I","Value imputed by a receiving agency",""
"FBS","Food Balances (2010-)","242","Fiji","5301","Domestic supply quantity","S2731","Bovine Meat","2023","2023","1000 t","5","I","Value imputed by a receiving agency",""
"FBS","Food Balances (2010-)","246","Finland","5511","Production","S2731","Bovine Meat","2023","2023","1000 t","85","I","Value imputed by a receiving agency",""
"FBS","Food Balances (2010-)","246","Finland","5301","Domestic supply quantity","S2731","Bovine Meat","2023","2023","1000 t","97","I","Value imputed by a receiving agency",""
"FBS","Food Balances (2010-)","250","France","5511","Production","S2731","Bovine Meat","2023","2023","1000 t","1301","I","Value imputed by a receiving agency",""
"FBS","Food Balances (2010-)","250","France","5301","Domestic supply quantity","S2731","Bovine Meat","2023","2023","1000 t","1432","I","Value imputed by a receiving agency",""
"FBS","Food Balances (2010-)","258","French Polynesia","5511","Production","S2731","Bovine Meat","2023","2023","1000 t","0","I","Value imputed by a receiving agency",""
"FBS","Food Balances (2010-)","258","French Polynesia","5301","Domestic supply quantity","S2731","Bovine Meat","2023","2023","1000 t","7","I","Value imputed by a receiving agency",""
"FBS","Food Balances (2010-)","266","Gabon","5511","Production","S2731","Bovine Meat","2023","2023","1000 t","1","I","Value imputed by a receiving agency",""
"FBS","Food Balances (2010-)","266","Gabon","5301","Domestic supply quantity","S2731","Bovine Meat","2023","2023","1000 t","13","I","Value imputed by a receiving agency",""
"FBS","Food Balances (2010-)","270","Gambia","5511","Production","S2731","Bovine Meat","2023","2023","1000 t","2","I","Value imputed by a receiving agency",""
"FBS","Food Balances (2010-)","270","Gambia","5301","Domestic supply quantity","S2731","Bovine Meat","2023","2023","1000 t","4","I","Value imputed by a receiving agency",""
"FBS","Food Balances (2010-)","268","Georgia","5511","Production","S2731","Bovine Meat","2023","2023","1000 t","23","I","Value imputed by a receiving agency",""
"FBS","Food Balances (2010-)","268","Georgia","5301","Domestic supply quantity","S2731","Bovine Meat","2023","2023","1000 t","29","I","Value imputed by a receiving agency",""
"FBS","Food Balances (2010-)","276","Germany","5511","Production","S2731","Bovine Meat","2023","2023","1000 t","1005","I","Value imputed by a receiving agency",""
"FBS","Food Balances (2010-)","276","Germany","5301","Domestic supply quantity","S2731","Bovine Meat","2023","2023","1000 t","1150","I","Value imputed by a receiving agency",""
"FBS","Food Balances (2010-)","288","Ghana","5511","Production","S2731","Bovine Meat","2023","2023","1000 t","30","I","Value imputed by a receiving agency",""
"FBS","Food Balances (2010-)","288","Ghana","5301","Domestic supply quantity","S2731","Bovine Meat","2023","2023","1000 t","53","I","Value imputed by a receiving agency",""
"FBS","Food Balances (2010-)","300","Greece","5511","Production","S2731","Bovine Meat","2023","2023","1000 t","37","I","Value imputed by a receiving agency",""
"FBS","Food Balances (2010-)","300","Greece","5301","Domestic supply quantity","S2731","Bovine Meat","2023","2023","1000 t","153","I","Value imputed by a receiving agency",""
"FBS","Food Balances (2010-)","308","Grenada","5511","Production","S2731","Bovine Meat","2023","2023","1000 t","0","I","Value imputed by a receiving agency",""
"FBS","Food Balances (2010-)","308","Grenada","5301","Domestic supply quantity","S2731","Bovine Meat","2023","2023","1000 t","1","I","Value imputed by a receiving agency",""
"FBS","Food Balances (2010-)","320","Guatemala","5511","Production","S2731","Bovine Meat","2023","2023","1000 t","342","I","Value imputed by a receiving agency",""
"FBS","Food Balances (2010-)","320","Guatemala","5301","Domestic supply quantity","S2731","Bovine Meat","2023","2023","1000 t","360","I","Value imputed by a receiving agency",""
"FBS","Food Balances (2010-)","324","Guinea","5511","Production","S2731","Bovine Meat","2023","2023","1000 t","89","I","Value imputed by a receiving agency",""
"FBS","Food Balances (2010-)","324","Guinea","5301","Domestic supply quantity","S2731","Bovine Meat","2023","2023","1000 t","91","I","Value imputed by a receiving agency",""
"FBS","Food Balances (2010-)","624","Guinea-Bissau","5511","Production","S2731","Bovine Meat","2023","2023","1000 t","8","I","Value imputed by a receiving agency",""
"FBS","Food Balances (2010-)","624","Guinea-Bissau","5301","Domestic supply quantity","S2731","Bovine Meat","2023","2023","1000 t","8","I","Value imputed by a receiving agency",""
"FBS","Food Balances (2010-)","328","Guyana","5511","Production","S2731","Bovine Meat","2023","2023","1000 t","2","I","Value imputed by a receiving agency",""
"FBS","Food Balances (2010-)","328","Guyana","5301","Domestic supply quantity","S2731","Bovine Meat","2023","2023","1000 t","3","I","Value imputed by a receiving agency",""
"FBS","Food Balances (2010-)","332","Haiti","5511","Production","S2731","Bovine Meat","2023","2023","1000 t","51","I","Value imputed by a receiving agency",""
"FBS","Food Balances (2010-)","332","Haiti","5301","Domestic supply quantity","S2731","Bovine Meat","2023","2023","1000 t","52","I","Value imputed by a receiving agency",""
"FBS","Food Balances (2010-)","340","Honduras","5511","Production","S2731","Bovine Meat","2023","2023","1000 t","66","I","Value imputed by a receiving agency",""
"FBS","Food Balances (2010-)","340","Honduras","5301","Domestic supply quantity","S2731","Bovine Meat","2023","2023","1000 t","66","I","Value imputed by a receiving agency",""
"FBS","Food Balances (2010-)","348","Hungary","5511","Production","S2731","Bovine Meat","2023","2023","1000 t","28","I","Value imputed by a receiving agency",""
"FBS","Food Balances (2010-)","348","Hungary","5301","Domestic supply quantity","S2731","Bovine Meat","2023","2023","1000 t","43","I","Value imputed by a receiving agency",""
"FBS","Food Balances (2010-)","352","Iceland","5511","Production","S2731","Bovine Meat","2023","2023","1000 t","5","I","Value imputed by a receiving agency",""
"FBS","Food Balances (2010-)","352","Iceland","5301","Domestic supply quantity","S2731","Bovine Meat","2023","2023","1000 t","7","I","Value imputed by a receiving agency",""
"FBS","Food Balances (2010-)","356","India","5511","Production","S2731","Bovine Meat","2023","2023","1000 t","4470","I","Value imputed by a receiving agency",""
"FBS","Food Balances (2010-)","356","India","5301","Domestic supply quantity","S2731","Bovine Meat","2023","2023","1000 t","3329","I","Value imputed by a receiving agency",""
"FBS","Food Balances (2010-)","360","Indonesia","5511","Production","S2731","Bovine Meat","2023","2023","1000 t","526","I","Value imputed by a receiving agency",""
"FBS","Food Balances (2010-)","360","Indonesia","5301","Domestic supply quantity","S2731","Bovine Meat","2023","2023","1000 t","846","I","Value imputed by a receiving agency",""
"FBS","Food Balances (2010-)","364","Iran (Islamic Republic of)","5511","Production","S2731","Bovine Meat","2023","2023","1000 t","255","I","Value imputed by a receiving agency",""
"FBS","Food Balances (2010-)","364","Iran (Islamic Republic of)","5301","Domestic supply quantity","S2731","Bovine Meat","2023","2023","1000 t","295","I","Value imputed by a receiving agency",""
"FBS","Food Balances (2010-)","368","Iraq","5511","Production","S2731","Bovine Meat","2023","2023","1000 t","42","I","Value imputed by a receiving agency",""
"FBS","Food Balances (2010-)","368","Iraq","5301","Domestic supply quantity","S2731","Bovine Meat","2023","2023","1000 t","172","I","Value imputed by a receiving agency",""
"FBS","Food Balances (2010-)","372","Ireland","5511","Production","S2731","Bovine Meat","2023","2023","1000 t","600","I","Value imputed by a receiving agency",""
"FBS","Food Balances (2010-)","372","Ireland","5301","Domestic supply quantity","S2731","Bovine Meat","2023","2023","1000 t","111","I","Value imputed by a receiving agency",""
"FBS","Food Balances (2010-)","376","Israel","5511","Production","S2731","Bovine Meat","2023","2023","1000 t","162","I","Value imputed by a receiving agency",""
"FBS","Food Balances (2010-)","376","Israel","5301","Domestic supply quantity","S2731","Bovine Meat","2023","2023","1000 t","278","I","Value imputed by a receiving agency",""
"FBS","Food Balances (2010-)","380","Italy","5511","Production","S2731","Bovine Meat","2023","2023","1000 t","639","I","Value imputed by a receiving agency",""
"FBS","Food Balances (2010-)","380","Italy","5301","Domestic supply quantity","S2731","Bovine Meat","2023","2023","1000 t","862","I","Value imputed by a receiving agency",""
"FBS","Food Balances (2010-)","388","Jamaica","5511","Production","S2731","Bovine Meat","2023","2023","1000 t","8","I","Value imputed by a receiving agency",""
"FBS","Food Balances (2010-)","388","Jamaica","5301","Domestic supply quantity","S2731","Bovine Meat","2023","2023","1000 t","16","I","Value imputed by a receiving agency",""
"FBS","Food Balances (2010-)","400","Jordan","5511","Production","S2731","Bovine Meat","2023","2023","1000 t","44","I","Value imputed by a receiving agency",""
"FBS","Food Balances (2010-)","400","Jordan","5301","Domestic supply quantity","S2731","Bovine Meat","2023","2023","1000 t","82","I","Value imputed by a receiving agency",""
"FBS","Food Balances (2010-)","398","Kazakhstan","5511","Production","S2731","Bovine Meat","2023","2023","1000 t","399","I","Value imputed by a receiving agency",""
"FBS","Food Balances (2010-)","398","Kazakhstan","5301","Domestic supply quantity","S2731","Bovine Meat","2023","2023","1000 t","399","I","Value imputed by a receiving agency",""
"FBS","Food Balances (2010-)","404","Kenya","5511","Production","S2731","Bovine Meat","2023","2023","1000 t","238","I","Value imputed by a receiving agency",""
"FBS","Food Balances (2010-)","404","Kenya","5301","Domestic supply quantity","S2731","Bovine Meat","2023","2023","1000 t","237","I","Value imputed by a receiving agency",""
"FBS","Food Balances (2010-)","296","Kiribati","5301","Domestic supply quantity","S2731","Bovine Meat","2023","2023","1000 t","1","I","Value imputed by a receiving agency",""
"FBS","Food Balances (2010-)","414","Kuwait","5511","Production","S2731","Bovine Meat","2023","2023","1000 t","2","I","Value imputed by a receiving agency",""
"FBS","Food Balances (2010-)","414","Kuwait","5301","Domestic supply quantity","S2731","Bovine Meat","2023","2023","1000 t","46","I","Value imputed by a receiving agency",""
"FBS","Food Balances (2010-)","417","Kyrgyzstan","5511","Production","S2731","Bovine Meat","2023","2023","1000 t","127","I","Value imputed by a receiving agency",""
"FBS","Food Balances (2010-)","417","Kyrgyzstan","5301","Domestic supply quantity","S2731","Bovine Meat","2023","2023","1000 t","115","I","Value imputed by a receiving agency",""
"FBS","Food Balances (2010-)","418","Lao People's Democratic Republic","5511","Production","S2731","Bovine Meat","2023","2023","1000 t","66","I","Value imputed by a receiving agency",""
"FBS","Food Balances (2010-)","418","Lao People's Democratic Republic","5301","Domestic supply quantity","S2731","Bovine Meat","2023","2023","1000 t","71","I","Value imputed by a receiving agency",""
"FBS","Food Balances (2010-)","428","Latvia","5511","Production","S2731","Bovine Meat","2023","2023","1000 t","18","I","Value imputed by a receiving agency",""
"FBS","Food Balances (2010-)","428","Latvia","5301","Domestic supply quantity","S2731","Bovine Meat","2023","2023","1000 t","15","I","Value imputed by a receiving agency",""
"FBS","Food Balances (2010-)","422","Lebanon","5511","Production","S2731","Bovine Meat","2023","2023","1000 t","46","I","Value imputed by a receiving agency",""
"FBS","Food Balances (2010-)","422","Lebanon","5301","Domestic supply quantity","S2731","Bovine Meat","2023","2023","1000 t","81","I","Value imputed by a receiving agency",""
"FBS","Food Balances (2010-)","426","Lesotho","5511","Production","S2731","Bovine Meat","2023","2023","1000 t","1","I","Value imputed by a receiving agency",""
"FBS","Food Balances (2010-)","426","Lesotho","5301","Domestic supply quantity","S2731","Bovine Meat","2023","2023","1000 t","6","I","Value imputed by a receiving agency",""
"FBS","Food Balances (2010-)","430","Liberia","5511","Production","S2731","Bovine Meat","2023","2023","1000 t","1","I","Value imputed by a receiving agency",""
"FBS","Food Balances (2010-)","430","Liberia","5301","Domestic supply quantity","S2731","Bovine Meat","2023","2023","1000 t","2","I","Value imputed by a receiving agency",""
"FBS","Food Balances (2010-)","434","Libya","5511","Production","S2731","Bovine Meat","2023","2023","1000 t","6","I","Value imputed by a receiving agency",""
"FBS","Food Balances (2010-)","434","Libya","5301","Domestic supply quantity","S2731","Bovine Meat","2023","2023","1000 t","41","I","Value imputed by a receiving agency",""
"FBS","Food Balances (2010-)","440","Lithuania","5511","Production","S2731","Bovine Meat","2023","2023","1000 t","46","I","Value imputed by a receiving agency",""
"FBS","Food Balances (2010-)","440","Lithuania","5301","Domestic supply quantity","S2731","Bovine Meat","2023","2023","1000 t","14","I","Value imputed by a receiving agency",""
"FBS","Food Balances (2010-)","442","Luxembourg","5511","Production","S2731","Bovine Meat","2023","2023","1000 t","10","I","Value imputed by a receiving agency",""
"FBS","Food Balances (2010-)","442","Luxembourg","5301","Domestic supply quantity","S2731","Bovine Meat","2023","2023","1000 t","20","I","Value imputed by a receiving agency",""
"FBS","Food Balances (2010-)","450","Madagascar","5511","Production","S2731","Bovine Meat","2023","2023","1000 t","30","I","Value imputed by a receiving agency",""
"FBS","Food Balances (2010-)","450","Madagascar","5301","Domestic supply quantity","S2731","Bovine Meat","2023","2023","1000 t","30","I","Value imputed by a receiving agency",""
"FBS","Food Balances (2010-)","454","Malawi","5511","Production","S2731","Bovine Meat","2023","2023","1000 t","68","I","Value imputed by a receiving agency",""
"FBS","Food Balances (2010-)","454","Malawi","5301","Domestic supply quantity","S2731","Bovine Meat","2023","2023","1000 t","68","I","Value imputed by a receiving agency",""
"FBS","Food Balances (2010-)","458","Malaysia","5511","Production","S2731","Bovine Meat","2023","2023","1000 t","39","I","Value imputed by a receiving agency",""
"FBS","Food Balances (2010-)","458","Malaysia","5301","Domestic supply quantity","S2731","Bovine Meat","2023","2023","1000 t","307","I","Value imputed by a receiving agency",""
"FBS","Food Balances (2010-)","462","Maldives","5301","Domestic supply quantity","S2731","Bovine Meat","2023","2023","1000 t","8","I","Value imputed by a receiving agency",""
"FBS","Food Balances (2010-)","470","Malta","5511","Production","S2731","Bovine Meat","2023","2023","1000 t","1","I","Value imputed by a receiving agency",""
"FBS","Food Balances (2010-)","470","Malta","5301","Domestic supply quantity","S2731","Bovine Meat","2023","2023","1000 t","10","I","Value imputed by a receiving agency",""
"FBS","Food Balances (2010-)","584","Marshall Islands","5301","Domestic supply quantity","S2731","Bovine Meat","2023","2023","1000 t","1","I","Value imputed by a receiving agency",""
"FBS","Food Balances (2010-)","478","Mauritania","5511","Production","S2731","Bovine Meat","2023","2023","1000 t","32","I","Value imputed by a receiving agency",""
"FBS","Food Balances (2010-)","478","Mauritania","5301","Domestic supply quantity","S2731","Bovine Meat","2023","2023","1000 t","32","I","Value imputed by a receiving agency",""
"FBS","Food Balances (2010-)","480","Mauritius","5511","Production","S2731","Bovine Meat","2023","2023","1000 t","2","I","Value imputed by a receiving agency",""
"FBS","Food Balances (2010-)","480","Mauritius","5301","Domestic supply quantity","S2731","Bovine Meat","2023","2023","1000 t","10","I","Value imputed by a receiving agency",""
"FBS","Food Balances (2010-)","484","Mexico","5511","Production","S2731","Bovine Meat","2023","2023","1000 t","2215","I","Value imputed by a receiving agency",""
"FBS","Food Balances (2010-)","484","Mexico","5301","Domestic supply quantity","S2731","Bovine Meat","2023","2023","1000 t","2048","I","Value imputed by a receiving agency",""
"FBS","Food Balances (2010-)","583","Micronesia (Federated States of)","5511","Production","S2731","Bovine Meat","2023","2023","1000 t","0","I","Value imputed by a receiving agency",""
"FBS","Food Balances (2010-)","583","Micronesia (Federated States of)","5301","Domestic supply quantity","S2731","Bovine Meat","2023","2023","1000 t","1","I","Value imputed by a receiving agency",""
"FBS","Food Balances (2010-)","496","Mongolia","5511","Production","S2731","Bovine Meat","2023","2023","1000 t","151","I","Value imputed by a receiving agency",""
"FBS","Food Balances (2010-)","496","Mongolia","5301","Domestic supply quantity","S2731","Bovine Meat","2023","2023","1000 t","150","I","Value imputed by a receiving agency",""
"FBS","Food Balances (2010-)","499","Montenegro","5511","Production","S2731","Bovine Meat","2023","2023","1000 t","3","I","Value imputed by a receiving agency",""
"FBS","Food Balances (2010-)","499","Montenegro","5301","Domestic supply quantity","S2731","Bovine Meat","2023","2023","1000 t","9","I","Value imputed by a receiving agency",""
"FBS","Food Balances (2010-)","504","Morocco","5511","Production","S2731","Bovine Meat","2023","2023","1000 t","257","I","Value imputed by a receiving agency",""
"FBS","Food Balances (2010-)","504","Morocco","5301","Domestic supply quantity","S2731","Bovine Meat","2023","2023","1000 t","264","I","Value imputed by a receiving agency",""
"FBS","Food Balances (2010-)","508","Mozambique","5511","Production","S2731","Bovine Meat","2023","2023","1000 t","21","I","Value imputed by a receiving agency",""
"FBS","Food Balances (2010-)","508","Mozambique","5301","Domestic supply quantity","S2731","Bovine Meat","2023","2023","1000 t","25","I","Value imputed by a receiving agency",""
"FBS","Food Balances (2010-)","104","Myanmar","5511","Production","S2731","Bovine Meat","2023","2023","1000 t","139","I","Value imputed by a receiving agency",""
"FBS","Food Balances (2010-)","104","Myanmar","5301","Domestic supply quantity","S2731","Bovine Meat","2023","2023","1000 t","144","I","Value imputed by a receiving agency",""
"FBS","Food Balances (2010-)","516","Namibia","5511","Production","S2731","Bovine Meat","2023","2023","1000 t","41","I","Value imputed by a receiving agency",""
"FBS","Food Balances (2010-)","516","Namibia","5301","Domestic supply quantity","S2731","Bovine Meat","2023","2023","1000 t","15","I","Value imputed by a receiving agency",""
"FBS","Food Balances (2010-)","520","Naoero","5301","Domestic supply quantity","S2731","Bovine Meat","2023","2023","1000 t","0","I","Value imputed by a receiving agency",""
"FBS","Food Balances (2010-)","524","Nepal","5511","Production","S2731","Bovine Meat","2023","2023","1000 t","117","I","Value imputed by a receiving agency",""
"FBS","Food Balances (2010-)","524","Nepal","5301","Domestic supply quantity","S2731","Bovine Meat","2023","2023","1000 t","117","I","Value imputed by a receiving agency",""
"FBS","Food Balances (2010-)","528","Netherlands (Kingdom of the)","5511","Production","S2731","Bovine Meat","2023","2023","1000 t","437","I","Value imputed by a receiving agency",""
"FBS","Food Balances (2010-)","528","Netherlands (Kingdom of the)","5301","Domestic supply quantity","S2731","Bovine Meat","2023","2023","1000 t","305","I","Value imputed by a receiving agency",""
"FBS","Food Balances (2010-)","540","New Caledonia","5511","Production","S2731","Bovine Meat","2023","2023","1000 t","3","I","Value imputed by a receiving agency",""
"FBS","Food Balances (2010-)","540","New Caledonia","5301","Domestic supply quantity","S2731","Bovine Meat","2023","2023","1000 t","6","I","Value imputed by a receiving agency",""
"FBS","Food Balances (2010-)","554","New Zealand","5511","Production","S2731","Bovine Meat","2023","2023","1000 t","752","I","Value imputed by a receiving agency",""
"FBS","Food Balances (2010-)","554","New Zealand","5301","Domestic supply quantity","S2731","Bovine Meat","2023","2023","1000 t","91","I","Value imputed by a receiving agency",""
"FBS","Food Balances (2010-)","558","Nicaragua","5511","Production","S2731","Bovine Meat","2023","2023","1000 t","152","I","Value imputed by a receiving agency",""
"FBS","Food Balances (2010-)","558","Nicaragua","5301","Domestic supply quantity","S2731","Bovine Meat","2023","2023","1000 t","21","I","Value imputed by a receiving agency",""
"FBS","Food Balances (2010-)","562","Niger","5511","Production","S2731","Bovine Meat","2023","2023","1000 t","69","I","Value imputed by a receiving agency",""
"FBS","Food Balances (2010-)","562","Niger","5301","Domestic supply quantity","S2731","Bovine Meat","2023","2023","1000 t","69","I","Value imputed by a receiving agency",""
"FBS","Food Balances (2010-)","566","Nigeria","5511","Production","S2731","Bovine Meat","2023","2023","1000 t","318","I","Value imputed by a receiving agency",""
"FBS","Food Balances (2010-)","566","Nigeria","5301","Domestic supply quantity","S2731","Bovine Meat","2023","2023","1000 t","319","I","Value imputed by a receiving agency",""
"FBS","Food Balances (2010-)","807","North Macedonia","5511","Production","S2731","Bovine Meat","2023","2023","1000 t","4","I","Value imputed by a receiving agency",""
"FBS","Food Balances (2010-)","807","North Macedonia","5301","Domestic supply quantity","S2731","Bovine Meat","2023","2023","1000 t","18","I","Value imputed by a receiving agency",""
"FBS","Food Balances (2010-)","578","Norway","5511","Production","S2731","Bovine Meat","2023","2023","1000 t","91","I","Value imputed by a receiving agency",""
"FBS","Food Balances (2010-)","578","Norway","5301","Domestic supply quantity","S2731","Bovine Meat","2023","2023","1000 t","102","I","Value imputed by a receiving agency",""
"FBS","Food Balances (2010-)","512","Oman","5511","Production","S2731","Bovine Meat","2023","2023","1000 t","15","I","Value imputed by a receiving agency",""
"FBS","Food Balances (2010-)","512","Oman","5301","Domestic supply quantity","S2731","Bovine Meat","2023","2023","1000 t","29","I","Value imputed by a receiving agency",""
"FBS","Food Balances (2010-)","586","Pakistan","5511","Production","S2731","Bovine Meat","2023","2023","1000 t","2379","I","Value imputed by a receiving agency",""
"FBS","Food Balances (2010-)","586","Pakistan","5301","Domestic supply quantity","S2731","Bovine Meat","2023","2023","1000 t","2281","I","Value imputed by a receiving agency",""
"FBS","Food Balances (2010-)","591","Panama","5511","Production","S2731","Bovine Meat","2023","2023","1000 t","73","I","Value imputed by a receiving agency",""
"FBS","Food Balances (2010-)","591","Panama","5301","Domestic supply quantity","S2731","Bovine Meat","2023","2023","1000 t","73","I","Value imputed by a receiving agency",""
"FBS","Food Balances (2010-)","598","Papua New Guinea","5511","Production","S2731","Bovine Meat","2023","2023","1000 t","3","I","Value imputed by a receiving agency",""
"FBS","Food Balances (2010-)","598","Papua New Guinea","5301","Domestic supply quantity","S2731","Bovine Meat","2023","2023","1000 t","8","I","Value imputed by a receiving agency",""
"FBS","Food Balances (2010-)","600","Paraguay","5511","Production","S2731","Bovine Meat","2023","2023","1000 t","462","I","Value imputed by a receiving agency",""
"FBS","Food Balances (2010-)","600","Paraguay","5301","Domestic supply quantity","S2731","Bovine Meat","2023","2023","1000 t","44","I","Value imputed by a receiving agency",""
"FBS","Food Balances (2010-)","604","Peru","5511","Production","S2731","Bovine Meat","2023","2023","1000 t","199","I","Value imputed by a receiving agency",""
"FBS","Food Balances (2010-)","604","Peru","5301","Domestic supply quantity","S2731","Bovine Meat","2023","2023","1000 t","208","I","Value imputed by a receiving agency",""
"FBS","Food Balances (2010-)","608","Philippines","5511","Production","S2731","Bovine Meat","2023","2023","1000 t","179","I","Value imputed by a receiving agency",""
"FBS","Food Balances (2010-)","608","Philippines","5301","Domestic supply quantity","S2731","Bovine Meat","2023","2023","1000 t","386","I","Value imputed by a receiving agency",""
"FBS","Food Balances (2010-)","616","Poland","5511","Production","S2731","Bovine Meat","2023","2023","1000 t","515","I","Value imputed by a receiving agency",""
"FBS","Food Balances (2010-)","616","Poland","5301","Domestic supply quantity","S2731","Bovine Meat","2023","2023","1000 t","-33","I","Value imputed by a receiving agency",""
"FBS","Food Balances (2010-)","620","Portugal","5511","Production","S2731","Bovine Meat","2023","2023","1000 t","98","I","Value imputed by a receiving agency",""
"FBS","Food Balances (2010-)","620","Portugal","5301","Domestic supply quantity","S2731","Bovine Meat","2023","2023","1000 t","234","I","Value imputed by a receiving agency",""
"FBS","Food Balances (2010-)","634","Qatar","5511","Production","S2731","Bovine Meat","2023","2023","1000 t","0","I","Value imputed by a receiving agency",""
"FBS","Food Balances (2010-)","634","Qatar","5301","Domestic supply quantity","S2731","Bovine Meat","2023","2023","1000 t","39","I","Value imputed by a receiving agency",""
"FBS","Food Balances (2010-)","410","Republic of Korea","5511","Production","S2731","Bovine Meat","2023","2023","1000 t","345","I","Value imputed by a receiving agency",""
"FBS","Food Balances (2010-)","410","Republic of Korea","5301","Domestic supply quantity","S2731","Bovine Meat","2023","2023","1000 t","975","I","Value imputed by a receiving agency",""
"FBS","Food Balances (2010-)","498","Republic of Moldova","5511","Production","S2731","Bovine Meat","2023","2023","1000 t","2","I","Value imputed by a receiving agency",""
"FBS","Food Balances (2010-)","498","Republic of Moldova","5301","Domestic supply quantity","S2731","Bovine Meat","2023","2023","1000 t","3","I","Value imputed by a receiving agency",""
"FBS","Food Balances (2010-)","642","Romania","5511","Production","S2731","Bovine Meat","2023","2023","1000 t","78","I","Value imputed by a receiving agency",""
"FBS","Food Balances (2010-)","642","Romania","5301","Domestic supply quantity","S2731","Bovine Meat","2023","2023","1000 t","96","I","Value imputed by a receiving agency",""
"FBS","Food Balances (2010-)","643","Russian Federation","5511","Production","S2731","Bovine Meat","2023","2023","1000 t","1660","I","Value imputed by a receiving agency",""
"FBS","Food Balances (2010-)","643","Russian Federation","5301","Domestic supply quantity","S2731","Bovine Meat","2023","2023","1000 t","1872","I","Value imputed by a receiving agency",""
"FBS","Food Balances (2010-)","646","Rwanda","5511","Production","S2731","Bovine Meat","2023","2023","1000 t","38","I","Value imputed by a receiving agency",""
"FBS","Food Balances (2010-)","646","Rwanda","5301","Domestic supply quantity","S2731","Bovine Meat","2023","2023","1000 t","36","I","Value imputed by a receiving agency",""
"FBS","Food Balances (2010-)","659","Saint Kitts and Nevis","5511","Production","S2731","Bovine Meat","2023","2023","1000 t","0","I","Value imputed by a receiving agency",""
"FBS","Food Balances (2010-)","659","Saint Kitts and Nevis","5301","Domestic supply quantity","S2731","Bovine Meat","2023","2023","1000 t","0","I","Value imputed by a receiving agency",""
"FBS","Food Balances (2010-)","662","Saint Lucia","5511","Production","S2731","Bovine Meat","2023","2023","1000 t","0","I","Value imputed by a receiving agency",""
"FBS","Food Balances (2010-)","662","Saint Lucia","5301","Domestic supply quantity","S2731","Bovine Meat","2023","2023","1000 t","1","I","Value imputed by a receiving agency",""
"FBS","Food Balances (2010-)","670","Saint Vincent and the Grenadines","5511","Production","S2731","Bovine Meat","2023","2023","1000 t","0","I","Value imputed by a receiving agency",""
"FBS","Food Balances (2010-)","670","Saint Vincent and the Grenadines","5301","Domestic supply quantity","S2731","Bovine Meat","2023","2023","1000 t","1","I","Value imputed by a receiving agency",""
"FBS","Food Balances (2010-)","882","Samoa","5511","Production","S2731","Bovine Meat","2023","2023","1000 t","1","I","Value imputed by a receiving agency",""
"FBS","Food Balances (2010-)","882","Samoa","5301","Domestic supply quantity","S2731","Bovine Meat","2023","2023","1000 t","2","I","Value imputed by a receiving agency",""
"FBS","Food Balances (2010-)","678","Sao Tome and Principe","5511","Production","S2731","Bovine Meat","2023","2023","1000 t","0","I","Value imputed by a receiving agency",""
"FBS","Food Balances (2010-)","678","Sao Tome and Principe","5301","Domestic supply quantity","S2731","Bovine Meat","2023","2023","1000 t","0","I","Value imputed by a receiving agency",""
"FBS","Food Balances (2010-)","682","Saudi Arabia","5511","Production","S2731","Bovine Meat","2023","2023","1000 t","42","I","Value imputed by a receiving agency",""
"FBS","Food Balances (2010-)","682","Saudi Arabia","5301","Domestic supply quantity","S2731","Bovine Meat","2023","2023","1000 t","246","I","Value imputed by a receiving agency",""
"FBS","Food Balances (2010-)","686","Senegal","5511","Production","S2731","Bovine Meat","2023","2023","1000 t","85","I","Value imputed by a receiving agency",""
"FBS","Food Balances (2010-)","686","Senegal","5301","Domestic supply quantity","S2731","Bovine Meat","2023","2023","1000 t","108","I","Value imputed by a receiving agency",""
"FBS","Food Balances (2010-)","688","Serbia","5511","Production","S2731","Bovine Meat","2023","2023","1000 t","75","I","Value imputed by a receiving agency",""
"FBS","Food Balances (2010-)","688","Serbia","5301","Domestic supply quantity","S2731","Bovine Meat","2023","2023","1000 t","75","I","Value imputed by a receiving agency",""
"FBS","Food Balances (2010-)","690","Seychelles","5511","Production","S2731","Bovine Meat","2023","2023","1000 t","0","I","Value imputed by a receiving agency",""
"FBS","Food Balances (2010-)","690","Seychelles","5301","Domestic supply quantity","S2731","Bovine Meat","2023","2023","1000 t","2","I","Value imputed by a receiving agency",""
"FBS","Food Balances (2010-)","694","Sierra Leone","5511","Production","S2731","Bovine Meat","2023","2023","1000 t","11","I","Value imputed by a receiving agency",""
"FBS","Food Balances (2010-)","694","Sierra Leone","5301","Domestic supply quantity","S2731","Bovine Meat","2023","2023","1000 t","17","I","Value imputed by a receiving agency",""
"FBS","Food Balances (2010-)","703","Slovakia","5511","Production","S2731","Bovine Meat","2023","2023","1000 t","10","I","Value imputed by a receiving agency",""
"FBS","Food Balances (2010-)","703","Slovakia","5301","Domestic supply quantity","S2731","Bovine Meat","2023","2023","1000 t","37","I","Value imputed by a receiving agency",""
"FBS","Food Balances (2010-)","705","Slovenia","5511","Production","S2731","Bovine Meat","2023","2023","1000 t","33","I","Value imputed by a receiving agency",""
"FBS","Food Balances (2010-)","705","Slovenia","5301","Domestic supply quantity","S2731","Bovine Meat","2023","2023","1000 t","21","I","Value imputed by a receiving agency",""
"FBS","Food Balances (2010-)","090","Solomon Islands","5511","Production","S2731","Bovine Meat","2023","2023","1000 t","1","I","Value imputed by a receiving agency",""
"FBS","Food Balances (2010-)","090","Solomon Islands","5301","Domestic supply quantity","S2731","Bovine Meat","2023","2023","1000 t","2","I","Value imputed by a receiving agency",""
"FBS","Food Balances (2010-)","710","South Africa","5511","Production","S2731","Bovine Meat","2023","2023","1000 t","1032","I","Value imputed by a receiving agency",""
"FBS","Food Balances (2010-)","710","South Africa","5301","Domestic supply quantity","S2731","Bovine Meat","2023","2023","1000 t","989","I","Value imputed by a receiving agency",""
"FBS","Food Balances (2010-)","724","Spain","5511","Production","S2731","Bovine Meat","2023","2023","1000 t","698","I","Value imputed by a receiving agency",""
"FBS","Food Balances (2010-)","724","Spain","5301","Domestic supply quantity","S2731","Bovine Meat","2023","2023","1000 t","571","I","Value imputed by a receiving agency",""
"FBS","Food Balances (2010-)","144","Sri Lanka","5511","Production","S2731","Bovine Meat","2023","2023","1000 t","27","I","Value imputed by a receiving agency",""
"FBS","Food Balances (2010-)","144","Sri Lanka","5301","Domestic supply quantity","S2731","Bovine Meat","2023","2023","1000 t","27","I","Value imputed by a receiving agency",""
"FBS","Food Balances (2010-)","740","Suriname","5511","Production","S2731","Bovine Meat","2023","2023","1000 t","2","I","Value imputed by a receiving agency",""
"FBS","Food Balances (2010-)","740","Suriname","5301","Domestic supply quantity","S2731","Bovine Meat","2023","2023","1000 t","3","I","Value imputed by a receiving agency",""
"FBS","Food Balances (2010-)","752","Sweden","5511","Production","S2731","Bovine Meat","2023","2023","1000 t","140","I","Value imputed by a receiving agency",""
"FBS","Food Balances (2010-)","752","Sweden","5301","Domestic supply quantity","S2731","Bovine Meat","2023","2023","1000 t","237","I","Value imputed by a receiving agency",""
"FBS","Food Balances (2010-)","756","Switzerland","5511","Production","S2731","Bovine Meat","2023","2023","1000 t","144","I","Value imputed by a receiving agency",""
"FBS","Food Balances (2010-)","756","Switzerland","5301","Domestic supply quantity","S2731","Bovine Meat","2023","2023","1000 t","168","I","Value imputed by a receiving agency",""
"FBS","Food Balances (2010-)","760","Syrian Arab Republic","5511","Production","S2731","Bovine Meat","2023","2023","1000 t","42","I","Value imputed by a receiving agency",""
"FBS","Food Balances (2010-)","760","Syrian Arab Republic","5301","Domestic supply quantity","S2731","Bovine Meat","2023","2023","1000 t","42","I","Value imputed by a receiving agency",""
"FBS","Food Balances (2010-)","762","Tajikistan","5511","Production","S2731","Bovine Meat","2023","2023","1000 t","248","I","Value imputed by a receiving agency",""
"FBS","Food Balances (2010-)","762","Tajikistan","5301","Domestic supply quantity","S2731","Bovine Meat","2023","2023","1000 t","249","I","Value imputed by a receiving agency",""
"FBS","Food Balances (2010-)","764","Thailand","5511","Production","S2731","Bovine Meat","2023","2023","1000 t","156","I","Value imputed by a receiving agency",""
"FBS","Food Balances (2010-)","764","Thailand","5301","Domestic supply quantity","S2731","Bovine Meat","2023","2023","1000 t","104","I","Value imputed by a receiving agency",""
"FBS","Food Balances (2010-)","626","Timor-Leste","5511","Production","S2731","Bovine Meat","2023","2023","1000 t","2","I","Value imputed by a receiving agency",""
"FBS","Food Balances (2010-)","626","Timor-Leste","5301","Domestic supply quantity","S2731","Bovine Meat","2023","2023","1000 t","2","I","Value imputed by a receiving agency",""
"FBS","Food Balances (2010-)","776","Tonga","5511","Production","S2731","Bovine Meat","2023","2023","1000 t","0","I","Value imputed by a receiving agency",""
"FBS","Food Balances (2010-)","776","Tonga","5301","Domestic supply quantity","S2731","Bovine Meat","2023","2023","1000 t","2","I","Value imputed by a receiving agency",""
"FBS","Food Balances (2010-)","780","Trinidad and Tobago","5511","Production","S2731","Bovine Meat","2023","2023","1000 t","1","I","Value imputed by a receiving agency",""
"FBS","Food Balances (2010-)","780","Trinidad and Tobago","5301","Domestic supply quantity","S2731","Bovine Meat","2023","2023","1000 t","11","I","Value imputed by a receiving agency",""
"FBS","Food Balances (2010-)","788","Tunisia","5511","Production","S2731","Bovine Meat","2023","2023","1000 t","50","I","Value imputed by a receiving agency",""
"FBS","Food Balances (2010-)","788","Tunisia","5301","Domestic supply quantity","S2731","Bovine Meat","2023","2023","1000 t","53","I","Value imputed by a receiving agency",""
"FBS","Food Balances (2010-)","792","Türkiye","5511","Production","S2731","Bovine Meat","2023","2023","1000 t","1686","I","Value imputed by a receiving agency",""
"FBS","Food Balances (2010-)","792","Türkiye","5301","Domestic supply quantity","S2731","Bovine Meat","2023","2023","1000 t","1720","I","Value imputed by a receiving agency",""
"FBS","Food Balances (2010-)","795","Turkmenistan","5511","Production","S2731","Bovine Meat","2023","2023","1000 t","187","I","Value imputed by a receiving agency",""
"FBS","Food Balances (2010-)","795","Turkmenistan","5301","Domestic supply quantity","S2731","Bovine Meat","2023","2023","1000 t","187","I","Value imputed by a receiving agency",""
"FBS","Food Balances (2010-)","798","Tuvalu","5301","Domestic supply quantity","S2731","Bovine Meat","2023","2023","1000 t","0","I","Value imputed by a receiving agency",""
"FBS","Food Balances (2010-)","800","Uganda","5511","Production","S2731","Bovine Meat","2023","2023","1000 t","233","I","Value imputed by a receiving agency",""
"FBS","Food Balances (2010-)","800","Uganda","5301","Domestic supply quantity","S2731","Bovine Meat","2023","2023","1000 t","233","I","Value imputed by a receiving agency",""
"FBS","Food Balances (2010-)","804","Ukraine","5511","Production","S2731","Bovine Meat","2023","2023","1000 t","257","I","Value imputed by a receiving agency",""
"FBS","Food Balances (2010-)","804","Ukraine","5301","Domestic supply quantity","S2731","Bovine Meat","2023","2023","1000 t","231","I","Value imputed by a receiving agency",""
"FBS","Food Balances (2010-)","784","United Arab Emirates","5511","Production","S2731","Bovine Meat","2023","2023","1000 t","20","I","Value imputed by a receiving agency",""
"FBS","Food Balances (2010-)","784","United Arab Emirates","5301","Domestic supply quantity","S2731","Bovine Meat","2023","2023","1000 t","201","I","Value imputed by a receiving agency",""
"FBS","Food Balances (2010-)","826","United Kingdom of Great Britain and Northern Ireland","5511","Production","S2731","Bovine Meat","2023","2023","1000 t","901","I","Value imputed by a receiving agency",""
"FBS","Food Balances (2010-)","826","United Kingdom of Great Britain and Northern Ireland","5301","Domestic supply quantity","S2731","Bovine Meat","2023","2023","1000 t","1157","I","Value imputed by a receiving agency",""
"FBS","Food Balances (2010-)","834","United Republic of Tanzania","5511","Production","S2731","Bovine Meat","2023","2023","1000 t","545","I","Value imputed by a receiving agency",""
"FBS","Food Balances (2010-)","834","United Republic of Tanzania","5301","Domestic supply quantity","S2731","Bovine Meat","2023","2023","1000 t","527","I","Value imputed by a receiving agency",""
"FBS","Food Balances (2010-)","840","United States of America","5511","Production","S2731","Bovine Meat","2023","2023","1000 t","12287","I","Value imputed by a receiving agency",""
"FBS","Food Balances (2010-)","840","United States of America","5301","Domestic supply quantity","S2731","Bovine Meat","2023","2023","1000 t","12723","I","Value imputed by a receiving agency",""
"FBS","Food Balances (2010-)","858","Uruguay","5511","Production","S2731","Bovine Meat","2023","2023","1000 t","599","I","Value imputed by a receiving agency",""
"FBS","Food Balances (2010-)","858","Uruguay","5301","Domestic supply quantity","S2731","Bovine Meat","2023","2023","1000 t","72","I","Value imputed by a receiving agency",""
"FBS","Food Balances (2010-)","860","Uzbekistan","5511","Production","S2731","Bovine Meat","2023","2023","1000 t","1085","I","Value imputed by a receiving agency",""
"FBS","Food Balances (2010-)","860","Uzbekistan","5301","Domestic supply quantity","S2731","Bovine Meat","2023","2023","1000 t","1150","I","Value imputed by a receiving agency",""
"FBS","Food Balances (2010-)","548","Vanuatu","5511","Production","S2731","Bovine Meat","2023","2023","1000 t","2","I","Value imputed by a receiving agency",""
"FBS","Food Balances (2010-)","548","Vanuatu","5301","Domestic supply quantity","S2731","Bovine Meat","2023","2023","1000 t","3","I","Value imputed by a receiving agency",""
"FBS","Food Balances (2010-)","862","Venezuela (Bolivarian Republic of)","5511","Production","S2731","Bovine Meat","2023","2023","1000 t","409","I","Value imputed by a receiving agency",""
"FBS","Food Balances (2010-)","862","Venezuela (Bolivarian Republic of)","5301","Domestic supply quantity","S2731","Bovine Meat","2023","2023","1000 t","409","I","Value imputed by a receiving agency",""
"FBS","Food Balances (2010-)","704","Viet Nam","5511","Production","S2731","Bovine Meat","2023","2023","1000 t","337","I","Value imputed by a receiving agency",""
"FBS","Food Balances (2010-)","704","Viet Nam","5301","Domestic supply quantity","S2731","Bovine Meat","2023","2023","1000 t","595","I","Value imputed by a receiving agency",""
"FBS","Food Balances (2010-)","887","Yemen","5511","Production","S2731","Bovine Meat","2023","2023","1000 t","78","I","Value imputed by a receiving agency",""
"FBS","Food Balances (2010-)","887","Yemen","5301","Domestic supply quantity","S2731","Bovine Meat","2023","2023","1000 t","78","I","Value imputed by a receiving agency",""
"FBS","Food Balances (2010-)","894","Zambia","5511","Production","S2731","Bovine Meat","2023","2023","1000 t","209","I","Value imputed by a receiving agency",""
"FBS","Food Balances (2010-)","894","Zambia","5301","Domestic supply quantity","S2731","Bovine Meat","2023","2023","1000 t","208","I","Value imputed by a receiving agency",""
"FBS","Food Balances (2010-)","716","Zimbabwe","5511","Production","S2731","Bovine Meat","2023","2023","1000 t","743","I","Value imputed by a receiving agency",""
"FBS","Food Balances (2010-)","716","Zimbabwe","5301","Domestic supply quantity","S2731","Bovine Meat","2023","2023","1000 t","743","I","Value imputed by a receiving agency",""
