FID,lon,lat
4,66.08682071160958,33.85640792173165
24,17.50270741264865,-12.29132052886485
8,19.97950611670187,40.992286254617376
784,54.472447068220696,23.537577483768057
32,-64.42983421947389,-33.88715015715799
51,44.797090158401595,40.42595202249034
10,46.020909037215375,-76.29827424489177
260,69.3929755703807,-49.31992903580278
36,134.4355220895959,-24.498520349840025
40,14.061306433376831,47.57835958942474
31,47.36765824689499,40.327885253225475
108,29.913894740829925,-3.3778602920611522
56,4.5816068207484255,50.65227692547814
204,2.4448836784040866,10.218896471217008
854,-1.66195099450993,12.647626662533654
50,90.07991430349287,23.91385589843719
100,25.184909661596627,42.65671493139017
44,-77.95527065505878,24.590077688478374
70,17.88879685671857,44.14883316255538
112,27.974891858293592,53.549703001044584
84,-88.71047170819116,17.196138735601018
68,-64.64142090601618,-16.72887531604983
76,-51.560306228062274,-9.929940995764898
96,114.9152177754506,4.690089611100958
64,90.35065194401943,27.514465430053466
72,23.825678100531,-22.114339569089545
140,20.979262527000266,6.8939611044593985
124,-103.75580083925838,58.21410537859711
756,7.985400166501671,46.85154269796917
152,-72.94009812668203,-45.713000300570386
156,106.11799926593015,32.64674600424859
384,-5.6119108810457625,7.553902953920175
120,12.406752754940415,4.98286643200914
180,23.736513927639283,-2.4610964484844384
178,15.765744091512584,-0.2101537757365241
170,-73.15377021297454,3.734439999570304
188,-84.13503861601114,10.06241299622165
192,-78.08593134759474,21.614560619687957
-99,33.5649356493565,35.217321155685866
196,33.04502400492756,34.88855969055633
203,14.908816080348316,49.981582921865844
276,9.974068490684909,51.24873444828848
262,42.25903857748446,11.669167955104866
208,9.255963283484244,56.27785738132552
214,-70.62439882211324,19.084837685765738
12,2.688066724417242,28.067539141668583
218,-78.4043754452359,-1.4107629482973347
818,29.655363350508505,26.42467090763557
232,38.114162977567275,16.015401424126097
724,-3.6169236712771835,40.34885833494023
233,25.844282270947712,58.68785300770449
231,39.22624890311404,8.277577081889143
246,27.280214989649902,63.571647455658116
242,177.9949838560886,-17.851382202176897
238,-58.74185421541715,-51.6742124179174
250,2.338869331443414,46.60651917809193
266,11.476461844216814,-0.6415281208681597
826,-1.50107586767687,52.9543474896446
268,43.3969714697147,42.07697769372581
288,-0.9990408650402893,7.9734431042797596
324,-10.133654852173503,10.681746336873019
270,-15.901241238974874,13.39899929569553
624,-15.11005070988209,12.018115546251883
226,10.365720811059802,1.6462587258750783
300,21.92466924669247,39.140194763345335
304,-41.3669967754365,74.42140180914889
320,-90.20197172830088,15.13163707340827
328,-58.899535364727534,5.392972224574002
340,-86.67270188326881,14.80694338423306
191,16.549367251485016,45.83892552280891
332,-72.18064797835478,19.25829497393981
348,19.386475114751146,47.172580140047415
360,101.62768203094694,-0.3795245118733655
356,79.56319328818289,22.7856285101095
372,-8.023945864458637,53.15034468750401
364,54.29397458037082,32.376545723472915
368,43.536061532490336,32.90835174499499
352,-18.79066564103141,64.98035397505932
376,34.880277306228265,30.89762790184703
380,11.016199810435612,44.93499350177591
388,-77.32366854918548,18.133529017521425
400,36.399422587975884,30.862713406028867
392,138.4282924860499,35.95403013783437
398,67.45298331889569,48.60259019819763
404,37.791226814224885,0.5962053742359785
417,74.59916200724507,41.594611431096226
116,104.71833585523359,12.728641906052452
410,127.97140816515292,36.35711038736921
-99,20.895992776739632,42.57952014511542
414,47.63956467689678,29.4326711967054
418,102.70370429887537,19.39228393654675
422,36.02558647596556,34.15742717696016
430,-9.485607301806345,6.4279404056155665
434,19.17686442489426,26.250459959559247
144,80.66740458140167,7.700807856680543
426,28.168094962199632,-29.61675560003301
440,23.875473910989108,55.19309369928924
442,5.966244394527388,49.76539800549603
428,25.136794336693363,57.13343257183578
504,-7.574252500337493,31.453326255428905
498,28.49289977274774,47.286841166672815
450,46.679867370051234,-19.006076569751905
484,-102.48911375832508,23.97084884610909
807,21.69121183399335,41.61725712821438
466,-2.2954694390693913,18.12955625005737
104,96.15788180926802,21.263771108167735
499,19.229124713122143,42.84625683179039
496,102.87089159954101,46.430971507998606
508,37.94845894151368,-14.904597157341698
478,-9.757257848915177,19.99609678028379
454,33.74487631638179,-13.248936827429102
458,114.1010527292773,2.860340244357205
516,17.05303303033031,-21.42935038035025
540,165.53091741854922,-21.263439527554983
562,9.325064069579641,17.345067208592894
566,7.995243398000968,9.547954553920514
558,-84.9939811898119,12.809818912779953
528,5.419639743272439,52.389955455682276
578,7.598519344568457,60.63853747107917
524,83.44802237084873,28.327262725390028
554,169.8727084927099,-44.79906467570943
512,57.22215807195916,21.83018072081608
586,69.06659222842231,29.47650219443321
591,-80.86135607449825,8.390839029752337
604,-73.70657369230003,-12.391216226297994
608,121.28331107401739,16.794775900782568
598,143.8429892111421,-5.813218538978225
616,19.311259018159195,52.148373777554276
630,-66.47902724303445,18.237451561565525
408,126.58368185244353,40.15163940132735
620,-8.303292112127137,39.27825827267336
600,-59.91571556340563,-22.019661005164664
275,35.29180348045674,31.976798473952677
634,51.18404684825405,25.321855606808615
642,24.943468932518442,45.85726408624985
643,99.16920731707317,63.302108286237946
646,30.061429129916306,-1.8707543498477746
732,-12.524594679540542,24.014839622618315
682,44.511249409369114,24.069216867726208
729,29.771510215102147,16.226765619040094
728,30.198500659702823,7.293049677609113
686,-14.479815891908911,14.928089178830449
90,159.10369734253837,-7.9020931498717495
694,-11.795235001611642,8.530790924048949
222,-89.07921696404466,13.816584866636191
-99,46.60777818715689,9.498512253102952
706,44.67822530769189,3.3900588691378526
688,20.78955398928991,44.2206857578263
740,-55.91137355196126,4.120313476098464
703,19.33917893866439,48.80648799397884
705,14.96003045967961,46.093576494249945
752,15.116819015771185,62.38189973664854
748,31.395255313100726,-26.49030780534719
760,38.54456596209384,35.01281152989878
148,18.605494804151256,15.307107797363079
768,1.1103037294159865,8.700516858882283
764,100.99962486722008,15.276421081786749
762,72.36999440306906,38.37419211718226
795,59.324133671024214,39.360389123439575
626,125.96190395497707,-8.757818835360574
780,-61.32698592610925,10.426813931431283
788,9.09503474403294,34.02147372945892
792,35.454675054563054,39.15844819205118
158,120.93866832895911,23.749851267286406
834,34.83746751530017,-6.088974049836027
800,32.458651711035,1.186855004602724
804,31.60116698823239,49.129744544779484
858,-56.003171755517414,-32.78086546151927
840,-99.0602555647534,39.50154462283051
860,63.63812114683646,41.78396225219189
862,-64.93811910775355,7.362746032784431
704,105.30625346179222,21.75367674136762
548,166.90773864675748,-15.22382232592212
887,46.1233588898389,15.269800917139552
710,23.67064803460534,-29.372316705135898
894,26.734570470704703,-14.595051535097683
716,29.788191880509896,-18.90708156717287